[0.055s] DEBUG:colcon:Command line arguments: ['/usr/bin/colcon', 'build']
[0.055s] DEBUG:colcon:Parsed command line arguments: Namespace(log_base=None, log_level=None, verb_name='build', build_base='build', install_base='install', merge_install=False, symlink_install=False, test_result_base=None, continue_on_error=False, executor='parallel', parallel_workers=24, event_handlers=None, ignore_user_meta=False, metas=['./colcon.meta'], base_paths=['.'], packages_ignore=None, packages_ignore_regex=None, paths=None, packages_up_to=None, packages_up_to_regex=None, packages_above=None, packages_above_and_dependencies=None, packages_above_depth=None, packages_select_by_dep=None, packages_skip_by_dep=None, packages_skip_up_to=None, packages_select_build_failed=False, packages_skip_build_finished=False, packages_select_test_failures=False, packages_skip_test_passed=False, packages_select=None, packages_skip=None, packages_select_regex=None, packages_skip_regex=None, packages_start=None, packages_end=None, allow_overriding=[], cmake_args=None, cmake_target=None, cmake_target_skip_unavailable=False, cmake_clean_cache=False, cmake_clean_first=False, cmake_force_configure=False, ament_cmake_args=None, catkin_cmake_args=None, catkin_skip_building_tests=False, verb_parser=<colcon_defaults.argument_parser.defaults.DefaultArgumentsDecorator object at 0x76bc5342f610>, verb_extension=<colcon_core.verb.build.BuildVerb object at 0x76bc5342ed40>, main=<bound method BuildVerb.main of <colcon_core.verb.build.BuildVerb object at 0x76bc5342ed40>>)
[0.076s] Level 1:colcon.colcon_core.package_discovery:discover_packages(colcon_meta) check parameters
[0.076s] Level 1:colcon.colcon_core.package_discovery:discover_packages(recursive) check parameters
[0.076s] Level 1:colcon.colcon_core.package_discovery:discover_packages(ignore) check parameters
[0.076s] Level 1:colcon.colcon_core.package_discovery:discover_packages(path) check parameters
[0.076s] Level 1:colcon.colcon_core.package_discovery:discover_packages(colcon_meta) discover
[0.076s] Level 1:colcon.colcon_core.package_discovery:discover_packages(recursive) discover
[0.076s] INFO:colcon.colcon_core.package_discovery:Crawling recursively for packages in '/home/trungbao/cyberrunner_ws'
[0.076s] Level 1:colcon.colcon_core.package_identification:_identify(.) by extensions ['ignore', 'ignore_ament_install']
[0.077s] Level 1:colcon.colcon_core.package_identification:_identify(.) by extension 'ignore'
[0.077s] Level 1:colcon.colcon_core.package_identification:_identify(.) by extension 'ignore_ament_install'
[0.077s] Level 1:colcon.colcon_core.package_identification:_identify(.) by extensions ['colcon_pkg']
[0.077s] Level 1:colcon.colcon_core.package_identification:_identify(.) by extension 'colcon_pkg'
[0.077s] Level 1:colcon.colcon_core.package_identification:_identify(.) by extensions ['colcon_meta']
[0.077s] Level 1:colcon.colcon_core.package_identification:_identify(.) by extension 'colcon_meta'
[0.077s] Level 1:colcon.colcon_core.package_identification:_identify(.) by extensions ['ros']
[0.077s] Level 1:colcon.colcon_core.package_identification:_identify(.) by extension 'ros'
[0.092s] Level 1:colcon.colcon_core.package_identification:_identify(.) by extensions ['cmake', 'python']
[0.092s] Level 1:colcon.colcon_core.package_identification:_identify(.) by extension 'cmake'
[0.092s] Level 1:colcon.colcon_core.package_identification:_identify(.) by extension 'python'
[0.092s] Level 1:colcon.colcon_core.package_identification:_identify(.) by extensions ['python_setup_py']
[0.092s] Level 1:colcon.colcon_core.package_identification:_identify(.) by extension 'python_setup_py'
[0.092s] Level 1:colcon.colcon_core.package_identification:_identify(build) by extensions ['ignore', 'ignore_ament_install']
[0.092s] Level 1:colcon.colcon_core.package_identification:_identify(build) by extension 'ignore'
[0.092s] Level 1:colcon.colcon_core.package_identification:_identify(build) ignored
[0.092s] Level 1:colcon.colcon_core.package_identification:_identify(install) by extensions ['ignore', 'ignore_ament_install']
[0.092s] Level 1:colcon.colcon_core.package_identification:_identify(install) by extension 'ignore'
[0.092s] Level 1:colcon.colcon_core.package_identification:_identify(install) ignored
[0.092s] Level 1:colcon.colcon_core.package_identification:_identify(log) by extensions ['ignore', 'ignore_ament_install']
[0.092s] Level 1:colcon.colcon_core.package_identification:_identify(log) by extension 'ignore'
[0.092s] Level 1:colcon.colcon_core.package_identification:_identify(log) ignored
[0.093s] Level 1:colcon.colcon_core.package_identification:_identify(scripts) by extensions ['ignore', 'ignore_ament_install']
[0.093s] Level 1:colcon.colcon_core.package_identification:_identify(scripts) by extension 'ignore'
[0.093s] Level 1:colcon.colcon_core.package_identification:_identify(scripts) by extension 'ignore_ament_install'
[0.093s] Level 1:colcon.colcon_core.package_identification:_identify(scripts) by extensions ['colcon_pkg']
[0.093s] Level 1:colcon.colcon_core.package_identification:_identify(scripts) by extension 'colcon_pkg'
[0.093s] Level 1:colcon.colcon_core.package_identification:_identify(scripts) by extensions ['colcon_meta']
[0.093s] Level 1:colcon.colcon_core.package_identification:_identify(scripts) by extension 'colcon_meta'
[0.093s] Level 1:colcon.colcon_core.package_identification:_identify(scripts) by extensions ['ros']
[0.093s] Level 1:colcon.colcon_core.package_identification:_identify(scripts) by extension 'ros'
[0.093s] Level 1:colcon.colcon_core.package_identification:_identify(scripts) by extensions ['cmake', 'python']
[0.093s] Level 1:colcon.colcon_core.package_identification:_identify(scripts) by extension 'cmake'
[0.093s] Level 1:colcon.colcon_core.package_identification:_identify(scripts) by extension 'python'
[0.093s] Level 1:colcon.colcon_core.package_identification:_identify(scripts) by extensions ['python_setup_py']
[0.093s] Level 1:colcon.colcon_core.package_identification:_identify(scripts) by extension 'python_setup_py'
[0.093s] Level 1:colcon.colcon_core.package_identification:_identify(src) by extensions ['ignore', 'ignore_ament_install']
[0.093s] Level 1:colcon.colcon_core.package_identification:_identify(src) by extension 'ignore'
[0.093s] Level 1:colcon.colcon_core.package_identification:_identify(src) by extension 'ignore_ament_install'
[0.093s] Level 1:colcon.colcon_core.package_identification:_identify(src) by extensions ['colcon_pkg']
[0.093s] Level 1:colcon.colcon_core.package_identification:_identify(src) by extension 'colcon_pkg'
[0.093s] Level 1:colcon.colcon_core.package_identification:_identify(src) by extensions ['colcon_meta']
[0.093s] Level 1:colcon.colcon_core.package_identification:_identify(src) by extension 'colcon_meta'
[0.093s] Level 1:colcon.colcon_core.package_identification:_identify(src) by extensions ['ros']
[0.093s] Level 1:colcon.colcon_core.package_identification:_identify(src) by extension 'ros'
[0.093s] Level 1:colcon.colcon_core.package_identification:_identify(src) by extensions ['cmake', 'python']
[0.093s] Level 1:colcon.colcon_core.package_identification:_identify(src) by extension 'cmake'
[0.093s] Level 1:colcon.colcon_core.package_identification:_identify(src) by extension 'python'
[0.093s] Level 1:colcon.colcon_core.package_identification:_identify(src) by extensions ['python_setup_py']
[0.093s] Level 1:colcon.colcon_core.package_identification:_identify(src) by extension 'python_setup_py'
[0.093s] Level 1:colcon.colcon_core.package_identification:_identify(src/cyberrunner) by extensions ['ignore', 'ignore_ament_install']
[0.093s] Level 1:colcon.colcon_core.package_identification:_identify(src/cyberrunner) by extension 'ignore'
[0.093s] Level 1:colcon.colcon_core.package_identification:_identify(src/cyberrunner) by extension 'ignore_ament_install'
[0.093s] Level 1:colcon.colcon_core.package_identification:_identify(src/cyberrunner) by extensions ['colcon_pkg']
[0.093s] Level 1:colcon.colcon_core.package_identification:_identify(src/cyberrunner) by extension 'colcon_pkg'
[0.093s] Level 1:colcon.colcon_core.package_identification:_identify(src/cyberrunner) by extensions ['colcon_meta']
[0.093s] Level 1:colcon.colcon_core.package_identification:_identify(src/cyberrunner) by extension 'colcon_meta'
[0.093s] Level 1:colcon.colcon_core.package_identification:_identify(src/cyberrunner) by extensions ['ros']
[0.093s] Level 1:colcon.colcon_core.package_identification:_identify(src/cyberrunner) by extension 'ros'
[0.093s] Level 1:colcon.colcon_core.package_identification:_identify(src/cyberrunner) by extensions ['cmake', 'python']
[0.093s] Level 1:colcon.colcon_core.package_identification:_identify(src/cyberrunner) by extension 'cmake'
[0.093s] Level 1:colcon.colcon_core.package_identification:_identify(src/cyberrunner) by extension 'python'
[0.093s] Level 1:colcon.colcon_core.package_identification:_identify(src/cyberrunner) by extensions ['python_setup_py']
[0.093s] Level 1:colcon.colcon_core.package_identification:_identify(src/cyberrunner) by extension 'python_setup_py'
[0.093s] Level 1:colcon.colcon_core.package_identification:_identify(src/cyberrunner/cyberrunner_camera) by extensions ['ignore', 'ignore_ament_install']
[0.093s] Level 1:colcon.colcon_core.package_identification:_identify(src/cyberrunner/cyberrunner_camera) by extension 'ignore'
[0.093s] Level 1:colcon.colcon_core.package_identification:_identify(src/cyberrunner/cyberrunner_camera) by extension 'ignore_ament_install'
[0.093s] Level 1:colcon.colcon_core.package_identification:_identify(src/cyberrunner/cyberrunner_camera) by extensions ['colcon_pkg']
[0.093s] Level 1:colcon.colcon_core.package_identification:_identify(src/cyberrunner/cyberrunner_camera) by extension 'colcon_pkg'
[0.093s] Level 1:colcon.colcon_core.package_identification:_identify(src/cyberrunner/cyberrunner_camera) by extensions ['colcon_meta']
[0.093s] Level 1:colcon.colcon_core.package_identification:_identify(src/cyberrunner/cyberrunner_camera) by extension 'colcon_meta'
[0.094s] Level 1:colcon.colcon_core.package_identification:_identify(src/cyberrunner/cyberrunner_camera) by extensions ['ros']
[0.094s] Level 1:colcon.colcon_core.package_identification:_identify(src/cyberrunner/cyberrunner_camera) by extension 'ros'
[0.095s] DEBUG:colcon.colcon_core.package_identification:Package 'src/cyberrunner/cyberrunner_camera' with type 'ros.ament_cmake' and name 'cyberrunner_camera'
[0.095s] Level 1:colcon.colcon_core.package_identification:_identify(src/cyberrunner/cyberrunner_dreamer) by extensions ['ignore', 'ignore_ament_install']
[0.095s] Level 1:colcon.colcon_core.package_identification:_identify(src/cyberrunner/cyberrunner_dreamer) by extension 'ignore'
[0.095s] Level 1:colcon.colcon_core.package_identification:_identify(src/cyberrunner/cyberrunner_dreamer) by extension 'ignore_ament_install'
[0.095s] Level 1:colcon.colcon_core.package_identification:_identify(src/cyberrunner/cyberrunner_dreamer) by extensions ['colcon_pkg']
[0.095s] Level 1:colcon.colcon_core.package_identification:_identify(src/cyberrunner/cyberrunner_dreamer) by extension 'colcon_pkg'
[0.095s] Level 1:colcon.colcon_core.package_identification:_identify(src/cyberrunner/cyberrunner_dreamer) by extensions ['colcon_meta']
[0.095s] Level 1:colcon.colcon_core.package_identification:_identify(src/cyberrunner/cyberrunner_dreamer) by extension 'colcon_meta'
[0.095s] Level 1:colcon.colcon_core.package_identification:_identify(src/cyberrunner/cyberrunner_dreamer) by extensions ['ros']
[0.095s] Level 1:colcon.colcon_core.package_identification:_identify(src/cyberrunner/cyberrunner_dreamer) by extension 'ros'
[0.096s] DEBUG:colcon.colcon_core.package_identification:Package 'src/cyberrunner/cyberrunner_dreamer' with type 'ros.ament_python' and name 'cyberrunner_dreamer'
[0.096s] Level 1:colcon.colcon_core.package_identification:_identify(src/cyberrunner/cyberrunner_interfaces) by extensions ['ignore', 'ignore_ament_install']
[0.096s] Level 1:colcon.colcon_core.package_identification:_identify(src/cyberrunner/cyberrunner_interfaces) by extension 'ignore'
[0.096s] Level 1:colcon.colcon_core.package_identification:_identify(src/cyberrunner/cyberrunner_interfaces) by extension 'ignore_ament_install'
[0.096s] Level 1:colcon.colcon_core.package_identification:_identify(src/cyberrunner/cyberrunner_interfaces) by extensions ['colcon_pkg']
[0.096s] Level 1:colcon.colcon_core.package_identification:_identify(src/cyberrunner/cyberrunner_interfaces) by extension 'colcon_pkg'
[0.096s] Level 1:colcon.colcon_core.package_identification:_identify(src/cyberrunner/cyberrunner_interfaces) by extensions ['colcon_meta']
[0.096s] Level 1:colcon.colcon_core.package_identification:_identify(src/cyberrunner/cyberrunner_interfaces) by extension 'colcon_meta'
[0.096s] Level 1:colcon.colcon_core.package_identification:_identify(src/cyberrunner/cyberrunner_interfaces) by extensions ['ros']
[0.096s] Level 1:colcon.colcon_core.package_identification:_identify(src/cyberrunner/cyberrunner_interfaces) by extension 'ros'
[0.096s] DEBUG:colcon.colcon_core.package_identification:Package 'src/cyberrunner/cyberrunner_interfaces' with type 'ros.ament_cmake' and name 'cyberrunner_interfaces'
[0.096s] Level 1:colcon.colcon_core.package_identification:_identify(src/cyberrunner/cyberrunner_state_estimation) by extensions ['ignore', 'ignore_ament_install']
[0.096s] Level 1:colcon.colcon_core.package_identification:_identify(src/cyberrunner/cyberrunner_state_estimation) by extension 'ignore'
[0.096s] Level 1:colcon.colcon_core.package_identification:_identify(src/cyberrunner/cyberrunner_state_estimation) by extension 'ignore_ament_install'
[0.096s] Level 1:colcon.colcon_core.package_identification:_identify(src/cyberrunner/cyberrunner_state_estimation) by extensions ['colcon_pkg']
[0.096s] Level 1:colcon.colcon_core.package_identification:_identify(src/cyberrunner/cyberrunner_state_estimation) by extension 'colcon_pkg'
[0.096s] Level 1:colcon.colcon_core.package_identification:_identify(src/cyberrunner/cyberrunner_state_estimation) by extensions ['colcon_meta']
[0.096s] Level 1:colcon.colcon_core.package_identification:_identify(src/cyberrunner/cyberrunner_state_estimation) by extension 'colcon_meta'
[0.096s] Level 1:colcon.colcon_core.package_identification:_identify(src/cyberrunner/cyberrunner_state_estimation) by extensions ['ros']
[0.096s] Level 1:colcon.colcon_core.package_identification:_identify(src/cyberrunner/cyberrunner_state_estimation) by extension 'ros'
[0.097s] DEBUG:colcon.colcon_core.package_identification:Package 'src/cyberrunner/cyberrunner_state_estimation' with type 'ros.ament_python' and name 'cyberrunner_state_estimation'
[0.097s] Level 1:colcon.colcon_core.package_identification:_identify(src/cyberrunner/docs) by extensions ['ignore', 'ignore_ament_install']
[0.097s] Level 1:colcon.colcon_core.package_identification:_identify(src/cyberrunner/docs) by extension 'ignore'
[0.097s] Level 1:colcon.colcon_core.package_identification:_identify(src/cyberrunner/docs) by extension 'ignore_ament_install'
[0.097s] Level 1:colcon.colcon_core.package_identification:_identify(src/cyberrunner/docs) by extensions ['colcon_pkg']
[0.097s] Level 1:colcon.colcon_core.package_identification:_identify(src/cyberrunner/docs) by extension 'colcon_pkg'
[0.097s] Level 1:colcon.colcon_core.package_identification:_identify(src/cyberrunner/docs) by extensions ['colcon_meta']
[0.097s] Level 1:colcon.colcon_core.package_identification:_identify(src/cyberrunner/docs) by extension 'colcon_meta'
[0.097s] Level 1:colcon.colcon_core.package_identification:_identify(src/cyberrunner/docs) by extensions ['ros']
[0.097s] Level 1:colcon.colcon_core.package_identification:_identify(src/cyberrunner/docs) by extension 'ros'
[0.097s] Level 1:colcon.colcon_core.package_identification:_identify(src/cyberrunner/docs) by extensions ['cmake', 'python']
[0.097s] Level 1:colcon.colcon_core.package_identification:_identify(src/cyberrunner/docs) by extension 'cmake'
[0.097s] Level 1:colcon.colcon_core.package_identification:_identify(src/cyberrunner/docs) by extension 'python'
[0.097s] Level 1:colcon.colcon_core.package_identification:_identify(src/cyberrunner/docs) by extensions ['python_setup_py']
[0.097s] Level 1:colcon.colcon_core.package_identification:_identify(src/cyberrunner/docs) by extension 'python_setup_py'
[0.097s] Level 1:colcon.colcon_core.package_identification:_identify(src/cyberrunner/docs/assets) by extensions ['ignore', 'ignore_ament_install']
[0.097s] Level 1:colcon.colcon_core.package_identification:_identify(src/cyberrunner/docs/assets) by extension 'ignore'
[0.097s] Level 1:colcon.colcon_core.package_identification:_identify(src/cyberrunner/docs/assets) by extension 'ignore_ament_install'
[0.097s] Level 1:colcon.colcon_core.package_identification:_identify(src/cyberrunner/docs/assets) by extensions ['colcon_pkg']
[0.097s] Level 1:colcon.colcon_core.package_identification:_identify(src/cyberrunner/docs/assets) by extension 'colcon_pkg'
[0.097s] Level 1:colcon.colcon_core.package_identification:_identify(src/cyberrunner/docs/assets) by extensions ['colcon_meta']
[0.097s] Level 1:colcon.colcon_core.package_identification:_identify(src/cyberrunner/docs/assets) by extension 'colcon_meta'
[0.097s] Level 1:colcon.colcon_core.package_identification:_identify(src/cyberrunner/docs/assets) by extensions ['ros']
[0.097s] Level 1:colcon.colcon_core.package_identification:_identify(src/cyberrunner/docs/assets) by extension 'ros'
[0.097s] Level 1:colcon.colcon_core.package_identification:_identify(src/cyberrunner/docs/assets) by extensions ['cmake', 'python']
[0.097s] Level 1:colcon.colcon_core.package_identification:_identify(src/cyberrunner/docs/assets) by extension 'cmake'
[0.097s] Level 1:colcon.colcon_core.package_identification:_identify(src/cyberrunner/docs/assets) by extension 'python'
[0.097s] Level 1:colcon.colcon_core.package_identification:_identify(src/cyberrunner/docs/assets) by extensions ['python_setup_py']
[0.097s] Level 1:colcon.colcon_core.package_identification:_identify(src/cyberrunner/docs/assets) by extension 'python_setup_py'
[0.097s] Level 1:colcon.colcon_core.package_identification:_identify(src/cyberrunner/docs/assets/camera) by extensions ['ignore', 'ignore_ament_install']
[0.097s] Level 1:colcon.colcon_core.package_identification:_identify(src/cyberrunner/docs/assets/camera) by extension 'ignore'
[0.098s] Level 1:colcon.colcon_core.package_identification:_identify(src/cyberrunner/docs/assets/camera) by extension 'ignore_ament_install'
[0.098s] Level 1:colcon.colcon_core.package_identification:_identify(src/cyberrunner/docs/assets/camera) by extensions ['colcon_pkg']
[0.098s] Level 1:colcon.colcon_core.package_identification:_identify(src/cyberrunner/docs/assets/camera) by extension 'colcon_pkg'
[0.098s] Level 1:colcon.colcon_core.package_identification:_identify(src/cyberrunner/docs/assets/camera) by extensions ['colcon_meta']
[0.098s] Level 1:colcon.colcon_core.package_identification:_identify(src/cyberrunner/docs/assets/camera) by extension 'colcon_meta'
[0.098s] Level 1:colcon.colcon_core.package_identification:_identify(src/cyberrunner/docs/assets/camera) by extensions ['ros']
[0.098s] Level 1:colcon.colcon_core.package_identification:_identify(src/cyberrunner/docs/assets/camera) by extension 'ros'
[0.098s] Level 1:colcon.colcon_core.package_identification:_identify(src/cyberrunner/docs/assets/camera) by extensions ['cmake', 'python']
[0.098s] Level 1:colcon.colcon_core.package_identification:_identify(src/cyberrunner/docs/assets/camera) by extension 'cmake'
[0.098s] Level 1:colcon.colcon_core.package_identification:_identify(src/cyberrunner/docs/assets/camera) by extension 'python'
[0.098s] Level 1:colcon.colcon_core.package_identification:_identify(src/cyberrunner/docs/assets/camera) by extensions ['python_setup_py']
[0.098s] Level 1:colcon.colcon_core.package_identification:_identify(src/cyberrunner/docs/assets/camera) by extension 'python_setup_py'
[0.098s] Level 1:colcon.colcon_core.package_identification:_identify(src/cyberrunner/docs/assets/motors) by extensions ['ignore', 'ignore_ament_install']
[0.098s] Level 1:colcon.colcon_core.package_identification:_identify(src/cyberrunner/docs/assets/motors) by extension 'ignore'
[0.098s] Level 1:colcon.colcon_core.package_identification:_identify(src/cyberrunner/docs/assets/motors) by extension 'ignore_ament_install'
[0.098s] Level 1:colcon.colcon_core.package_identification:_identify(src/cyberrunner/docs/assets/motors) by extensions ['colcon_pkg']
[0.098s] Level 1:colcon.colcon_core.package_identification:_identify(src/cyberrunner/docs/assets/motors) by extension 'colcon_pkg'
[0.098s] Level 1:colcon.colcon_core.package_identification:_identify(src/cyberrunner/docs/assets/motors) by extensions ['colcon_meta']
[0.098s] Level 1:colcon.colcon_core.package_identification:_identify(src/cyberrunner/docs/assets/motors) by extension 'colcon_meta'
[0.098s] Level 1:colcon.colcon_core.package_identification:_identify(src/cyberrunner/docs/assets/motors) by extensions ['ros']
[0.098s] Level 1:colcon.colcon_core.package_identification:_identify(src/cyberrunner/docs/assets/motors) by extension 'ros'
[0.098s] Level 1:colcon.colcon_core.package_identification:_identify(src/cyberrunner/docs/assets/motors) by extensions ['cmake', 'python']
[0.098s] Level 1:colcon.colcon_core.package_identification:_identify(src/cyberrunner/docs/assets/motors) by extension 'cmake'
[0.098s] Level 1:colcon.colcon_core.package_identification:_identify(src/cyberrunner/docs/assets/motors) by extension 'python'
[0.098s] Level 1:colcon.colcon_core.package_identification:_identify(src/cyberrunner/docs/assets/motors) by extensions ['python_setup_py']
[0.098s] Level 1:colcon.colcon_core.package_identification:_identify(src/cyberrunner/docs/assets/motors) by extension 'python_setup_py'
[0.098s] Level 1:colcon.colcon_core.package_identification:_identify(src/cyberrunner/docs/assets/reload) by extensions ['ignore', 'ignore_ament_install']
[0.098s] Level 1:colcon.colcon_core.package_identification:_identify(src/cyberrunner/docs/assets/reload) by extension 'ignore'
[0.098s] Level 1:colcon.colcon_core.package_identification:_identify(src/cyberrunner/docs/assets/reload) by extension 'ignore_ament_install'
[0.098s] Level 1:colcon.colcon_core.package_identification:_identify(src/cyberrunner/docs/assets/reload) by extensions ['colcon_pkg']
[0.098s] Level 1:colcon.colcon_core.package_identification:_identify(src/cyberrunner/docs/assets/reload) by extension 'colcon_pkg'
[0.098s] Level 1:colcon.colcon_core.package_identification:_identify(src/cyberrunner/docs/assets/reload) by extensions ['colcon_meta']
[0.098s] Level 1:colcon.colcon_core.package_identification:_identify(src/cyberrunner/docs/assets/reload) by extension 'colcon_meta'
[0.098s] Level 1:colcon.colcon_core.package_identification:_identify(src/cyberrunner/docs/assets/reload) by extensions ['ros']
[0.098s] Level 1:colcon.colcon_core.package_identification:_identify(src/cyberrunner/docs/assets/reload) by extension 'ros'
[0.098s] Level 1:colcon.colcon_core.package_identification:_identify(src/cyberrunner/docs/assets/reload) by extensions ['cmake', 'python']
[0.098s] Level 1:colcon.colcon_core.package_identification:_identify(src/cyberrunner/docs/assets/reload) by extension 'cmake'
[0.098s] Level 1:colcon.colcon_core.package_identification:_identify(src/cyberrunner/docs/assets/reload) by extension 'python'
[0.098s] Level 1:colcon.colcon_core.package_identification:_identify(src/cyberrunner/docs/assets/reload) by extensions ['python_setup_py']
[0.098s] Level 1:colcon.colcon_core.package_identification:_identify(src/cyberrunner/docs/assets/reload) by extension 'python_setup_py'
[0.098s] Level 1:colcon.colcon_core.package_identification:_identify(src/cyberrunner/docs/assets/reload/arduino) by extensions ['ignore', 'ignore_ament_install']
[0.098s] Level 1:colcon.colcon_core.package_identification:_identify(src/cyberrunner/docs/assets/reload/arduino) by extension 'ignore'
[0.098s] Level 1:colcon.colcon_core.package_identification:_identify(src/cyberrunner/docs/assets/reload/arduino) by extension 'ignore_ament_install'
[0.098s] Level 1:colcon.colcon_core.package_identification:_identify(src/cyberrunner/docs/assets/reload/arduino) by extensions ['colcon_pkg']
[0.098s] Level 1:colcon.colcon_core.package_identification:_identify(src/cyberrunner/docs/assets/reload/arduino) by extension 'colcon_pkg'
[0.098s] Level 1:colcon.colcon_core.package_identification:_identify(src/cyberrunner/docs/assets/reload/arduino) by extensions ['colcon_meta']
[0.098s] Level 1:colcon.colcon_core.package_identification:_identify(src/cyberrunner/docs/assets/reload/arduino) by extension 'colcon_meta'
[0.098s] Level 1:colcon.colcon_core.package_identification:_identify(src/cyberrunner/docs/assets/reload/arduino) by extensions ['ros']
[0.098s] Level 1:colcon.colcon_core.package_identification:_identify(src/cyberrunner/docs/assets/reload/arduino) by extension 'ros'
[0.098s] Level 1:colcon.colcon_core.package_identification:_identify(src/cyberrunner/docs/assets/reload/arduino) by extensions ['cmake', 'python']
[0.099s] Level 1:colcon.colcon_core.package_identification:_identify(src/cyberrunner/docs/assets/reload/arduino) by extension 'cmake'
[0.099s] Level 1:colcon.colcon_core.package_identification:_identify(src/cyberrunner/docs/assets/reload/arduino) by extension 'python'
[0.099s] Level 1:colcon.colcon_core.package_identification:_identify(src/cyberrunner/docs/assets/reload/arduino) by extensions ['python_setup_py']
[0.099s] Level 1:colcon.colcon_core.package_identification:_identify(src/cyberrunner/docs/assets/reload/arduino) by extension 'python_setup_py'
[0.099s] Level 1:colcon.colcon_core.package_identification:_identify(src/cyberrunner/docs/img) by extensions ['ignore', 'ignore_ament_install']
[0.099s] Level 1:colcon.colcon_core.package_identification:_identify(src/cyberrunner/docs/img) by extension 'ignore'
[0.099s] Level 1:colcon.colcon_core.package_identification:_identify(src/cyberrunner/docs/img) by extension 'ignore_ament_install'
[0.099s] Level 1:colcon.colcon_core.package_identification:_identify(src/cyberrunner/docs/img) by extensions ['colcon_pkg']
[0.099s] Level 1:colcon.colcon_core.package_identification:_identify(src/cyberrunner/docs/img) by extension 'colcon_pkg'
[0.099s] Level 1:colcon.colcon_core.package_identification:_identify(src/cyberrunner/docs/img) by extensions ['colcon_meta']
[0.099s] Level 1:colcon.colcon_core.package_identification:_identify(src/cyberrunner/docs/img) by extension 'colcon_meta'
[0.099s] Level 1:colcon.colcon_core.package_identification:_identify(src/cyberrunner/docs/img) by extensions ['ros']
[0.099s] Level 1:colcon.colcon_core.package_identification:_identify(src/cyberrunner/docs/img) by extension 'ros'
[0.099s] Level 1:colcon.colcon_core.package_identification:_identify(src/cyberrunner/docs/img) by extensions ['cmake', 'python']
[0.099s] Level 1:colcon.colcon_core.package_identification:_identify(src/cyberrunner/docs/img) by extension 'cmake'
[0.099s] Level 1:colcon.colcon_core.package_identification:_identify(src/cyberrunner/docs/img) by extension 'python'
[0.099s] Level 1:colcon.colcon_core.package_identification:_identify(src/cyberrunner/docs/img) by extensions ['python_setup_py']
[0.099s] Level 1:colcon.colcon_core.package_identification:_identify(src/cyberrunner/docs/img) by extension 'python_setup_py'
[0.099s] Level 1:colcon.colcon_core.package_identification:_identify(src/cyberrunner/dreamerv3) by extensions ['ignore', 'ignore_ament_install']
[0.099s] Level 1:colcon.colcon_core.package_identification:_identify(src/cyberrunner/dreamerv3) by extension 'ignore'
[0.099s] Level 1:colcon.colcon_core.package_identification:_identify(src/cyberrunner/dreamerv3) ignored
[0.099s] Level 1:colcon.colcon_core.package_identification:_identify(src/cyberrunner_camera) by extensions ['ignore', 'ignore_ament_install']
[0.099s] Level 1:colcon.colcon_core.package_identification:_identify(src/cyberrunner_camera) by extension 'ignore'
[0.099s] Level 1:colcon.colcon_core.package_identification:_identify(src/cyberrunner_camera) by extension 'ignore_ament_install'
[0.099s] Level 1:colcon.colcon_core.package_identification:_identify(src/cyberrunner_camera) by extensions ['colcon_pkg']
[0.099s] Level 1:colcon.colcon_core.package_identification:_identify(src/cyberrunner_camera) by extension 'colcon_pkg'
[0.099s] Level 1:colcon.colcon_core.package_identification:_identify(src/cyberrunner_camera) by extensions ['colcon_meta']
[0.099s] Level 1:colcon.colcon_core.package_identification:_identify(src/cyberrunner_camera) by extension 'colcon_meta'
[0.099s] Level 1:colcon.colcon_core.package_identification:_identify(src/cyberrunner_camera) by extensions ['ros']
[0.099s] Level 1:colcon.colcon_core.package_identification:_identify(src/cyberrunner_camera) by extension 'ros'
[0.099s] Level 1:colcon.colcon_core.package_identification:_identify(src/cyberrunner_camera) by extensions ['cmake', 'python']
[0.099s] Level 1:colcon.colcon_core.package_identification:_identify(src/cyberrunner_camera) by extension 'cmake'
[0.099s] Level 1:colcon.colcon_core.package_identification:_identify(src/cyberrunner_camera) by extension 'python'
[0.099s] Level 1:colcon.colcon_core.package_identification:_identify(src/cyberrunner_camera) by extensions ['python_setup_py']
[0.099s] Level 1:colcon.colcon_core.package_identification:_identify(src/cyberrunner_camera) by extension 'python_setup_py'
[0.099s] Level 1:colcon.colcon_core.package_identification:_identify(src/cyberrunner_camera/launch) by extensions ['ignore', 'ignore_ament_install']
[0.099s] Level 1:colcon.colcon_core.package_identification:_identify(src/cyberrunner_camera/launch) by extension 'ignore'
[0.099s] Level 1:colcon.colcon_core.package_identification:_identify(src/cyberrunner_camera/launch) by extension 'ignore_ament_install'
[0.099s] Level 1:colcon.colcon_core.package_identification:_identify(src/cyberrunner_camera/launch) by extensions ['colcon_pkg']
[0.099s] Level 1:colcon.colcon_core.package_identification:_identify(src/cyberrunner_camera/launch) by extension 'colcon_pkg'
[0.099s] Level 1:colcon.colcon_core.package_identification:_identify(src/cyberrunner_camera/launch) by extensions ['colcon_meta']
[0.099s] Level 1:colcon.colcon_core.package_identification:_identify(src/cyberrunner_camera/launch) by extension 'colcon_meta'
[0.099s] Level 1:colcon.colcon_core.package_identification:_identify(src/cyberrunner_camera/launch) by extensions ['ros']
[0.099s] Level 1:colcon.colcon_core.package_identification:_identify(src/cyberrunner_camera/launch) by extension 'ros'
[0.099s] Level 1:colcon.colcon_core.package_identification:_identify(src/cyberrunner_camera/launch) by extensions ['cmake', 'python']
[0.099s] Level 1:colcon.colcon_core.package_identification:_identify(src/cyberrunner_camera/launch) by extension 'cmake'
[0.099s] Level 1:colcon.colcon_core.package_identification:_identify(src/cyberrunner_camera/launch) by extension 'python'
[0.099s] Level 1:colcon.colcon_core.package_identification:_identify(src/cyberrunner_camera/launch) by extensions ['python_setup_py']
[0.099s] Level 1:colcon.colcon_core.package_identification:_identify(src/cyberrunner_camera/launch) by extension 'python_setup_py'
[0.100s] Level 1:colcon.colcon_core.package_identification:_identify(src/cyberrunner_cpp) by extensions ['ignore', 'ignore_ament_install']
[0.100s] Level 1:colcon.colcon_core.package_identification:_identify(src/cyberrunner_cpp) by extension 'ignore'
[0.100s] Level 1:colcon.colcon_core.package_identification:_identify(src/cyberrunner_cpp) by extension 'ignore_ament_install'
[0.100s] Level 1:colcon.colcon_core.package_identification:_identify(src/cyberrunner_cpp) by extensions ['colcon_pkg']
[0.100s] Level 1:colcon.colcon_core.package_identification:_identify(src/cyberrunner_cpp) by extension 'colcon_pkg'
[0.100s] Level 1:colcon.colcon_core.package_identification:_identify(src/cyberrunner_cpp) by extensions ['colcon_meta']
[0.100s] Level 1:colcon.colcon_core.package_identification:_identify(src/cyberrunner_cpp) by extension 'colcon_meta'
[0.100s] Level 1:colcon.colcon_core.package_identification:_identify(src/cyberrunner_cpp) by extensions ['ros']
[0.100s] Level 1:colcon.colcon_core.package_identification:_identify(src/cyberrunner_cpp) by extension 'ros'
[0.100s] DEBUG:colcon.colcon_core.package_identification:Package 'src/cyberrunner_cpp' with type 'ros.ament_cmake' and name 'cyberrunner_cpp'
[0.100s] Level 1:colcon.colcon_core.package_identification:_identify(src/cyberrunner_hiwonder) by extensions ['ignore', 'ignore_ament_install']
[0.100s] Level 1:colcon.colcon_core.package_identification:_identify(src/cyberrunner_hiwonder) by extension 'ignore'
[0.100s] Level 1:colcon.colcon_core.package_identification:_identify(src/cyberrunner_hiwonder) by extension 'ignore_ament_install'
[0.100s] Level 1:colcon.colcon_core.package_identification:_identify(src/cyberrunner_hiwonder) by extensions ['colcon_pkg']
[0.100s] Level 1:colcon.colcon_core.package_identification:_identify(src/cyberrunner_hiwonder) by extension 'colcon_pkg'
[0.100s] Level 1:colcon.colcon_core.package_identification:_identify(src/cyberrunner_hiwonder) by extensions ['colcon_meta']
[0.100s] Level 1:colcon.colcon_core.package_identification:_identify(src/cyberrunner_hiwonder) by extension 'colcon_meta'
[0.100s] Level 1:colcon.colcon_core.package_identification:_identify(src/cyberrunner_hiwonder) by extensions ['ros']
[0.100s] Level 1:colcon.colcon_core.package_identification:_identify(src/cyberrunner_hiwonder) by extension 'ros'
[0.101s] DEBUG:colcon.colcon_core.package_identification:Package 'src/cyberrunner_hiwonder' with type 'ros.ament_python' and name 'cyberrunner_hiwonder'
[0.101s] Level 1:colcon.colcon_core.package_identification:_identify(src/cyberrunner_pid) by extensions ['ignore', 'ignore_ament_install']
[0.101s] Level 1:colcon.colcon_core.package_identification:_identify(src/cyberrunner_pid) by extension 'ignore'
[0.101s] Level 1:colcon.colcon_core.package_identification:_identify(src/cyberrunner_pid) by extension 'ignore_ament_install'
[0.101s] Level 1:colcon.colcon_core.package_identification:_identify(src/cyberrunner_pid) by extensions ['colcon_pkg']
[0.101s] Level 1:colcon.colcon_core.package_identification:_identify(src/cyberrunner_pid) by extension 'colcon_pkg'
[0.101s] Level 1:colcon.colcon_core.package_identification:_identify(src/cyberrunner_pid) by extensions ['colcon_meta']
[0.101s] Level 1:colcon.colcon_core.package_identification:_identify(src/cyberrunner_pid) by extension 'colcon_meta'
[0.101s] Level 1:colcon.colcon_core.package_identification:_identify(src/cyberrunner_pid) by extensions ['ros']
[0.101s] Level 1:colcon.colcon_core.package_identification:_identify(src/cyberrunner_pid) by extension 'ros'
[0.101s] DEBUG:colcon.colcon_core.package_identification:Package 'src/cyberrunner_pid' with type 'ros.ament_python' and name 'cyberrunner_pid'
[0.101s] Level 1:colcon.colcon_core.package_identification:_identify(src/cyberrunner_vision) by extensions ['ignore', 'ignore_ament_install']
[0.101s] Level 1:colcon.colcon_core.package_identification:_identify(src/cyberrunner_vision) by extension 'ignore'
[0.101s] Level 1:colcon.colcon_core.package_identification:_identify(src/cyberrunner_vision) by extension 'ignore_ament_install'
[0.101s] Level 1:colcon.colcon_core.package_identification:_identify(src/cyberrunner_vision) by extensions ['colcon_pkg']
[0.101s] Level 1:colcon.colcon_core.package_identification:_identify(src/cyberrunner_vision) by extension 'colcon_pkg'
[0.101s] Level 1:colcon.colcon_core.package_identification:_identify(src/cyberrunner_vision) by extensions ['colcon_meta']
[0.101s] Level 1:colcon.colcon_core.package_identification:_identify(src/cyberrunner_vision) by extension 'colcon_meta'
[0.101s] Level 1:colcon.colcon_core.package_identification:_identify(src/cyberrunner_vision) by extensions ['ros']
[0.101s] Level 1:colcon.colcon_core.package_identification:_identify(src/cyberrunner_vision) by extension 'ros'
[0.102s] DEBUG:colcon.colcon_core.package_identification:Package 'src/cyberrunner_vision' with type 'ros.ament_python' and name 'cyberrunner_vision'
[0.102s] Level 1:colcon.colcon_core.package_discovery:discover_packages(recursive) using defaults
[0.102s] Level 1:colcon.colcon_core.package_discovery:discover_packages(ignore) discover
[0.102s] Level 1:colcon.colcon_core.package_discovery:discover_packages(ignore) using defaults
[0.102s] Level 1:colcon.colcon_core.package_discovery:discover_packages(path) discover
[0.102s] Level 1:colcon.colcon_core.package_discovery:discover_packages(path) using defaults
[0.113s] Level 1:colcon.colcon_core.package_discovery:discover_packages(prefix_path) check parameters
[0.113s] Level 1:colcon.colcon_core.package_discovery:discover_packages(prefix_path) discover
[0.114s] DEBUG:colcon.colcon_installed_package_information.package_discovery:Found 8 installed packages in /home/trungbao/cyberrunner_ws/install
[0.114s] DEBUG:colcon.colcon_installed_package_information.package_discovery:Found 272 installed packages in /opt/ros/humble
[0.115s] Level 1:colcon.colcon_core.package_discovery:discover_packages(prefix_path) using defaults
[0.136s] Level 5:colcon.colcon_core.verb:set package 'cyberrunner_camera' build argument 'cmake_args' from command line to 'None'
[0.136s] Level 5:colcon.colcon_core.verb:set package 'cyberrunner_camera' build argument 'cmake_target' from command line to 'None'
[0.136s] Level 5:colcon.colcon_core.verb:set package 'cyberrunner_camera' build argument 'cmake_target_skip_unavailable' from command line to 'False'
[0.136s] Level 5:colcon.colcon_core.verb:set package 'cyberrunner_camera' build argument 'cmake_clean_cache' from command line to 'False'
[0.136s] Level 5:colcon.colcon_core.verb:set package 'cyberrunner_camera' build argument 'cmake_clean_first' from command line to 'False'
[0.136s] Level 5:colcon.colcon_core.verb:set package 'cyberrunner_camera' build argument 'cmake_force_configure' from command line to 'False'
[0.136s] Level 5:colcon.colcon_core.verb:set package 'cyberrunner_camera' build argument 'ament_cmake_args' from command line to 'None'
[0.136s] Level 5:colcon.colcon_core.verb:set package 'cyberrunner_camera' build argument 'catkin_cmake_args' from command line to 'None'
[0.136s] Level 5:colcon.colcon_core.verb:set package 'cyberrunner_camera' build argument 'catkin_skip_building_tests' from command line to 'False'
[0.136s] DEBUG:colcon.colcon_core.verb:Building package 'cyberrunner_camera' with the following arguments: {'ament_cmake_args': None, 'build_base': '/home/trungbao/cyberrunner_ws/build/cyberrunner_camera', 'catkin_cmake_args': None, 'catkin_skip_building_tests': False, 'cmake_args': None, 'cmake_clean_cache': False, 'cmake_clean_first': False, 'cmake_force_configure': False, 'cmake_target': None, 'cmake_target_skip_unavailable': False, 'install_base': '/home/trungbao/cyberrunner_ws/install/cyberrunner_camera', 'merge_install': False, 'path': '/home/trungbao/cyberrunner_ws/src/cyberrunner/cyberrunner_camera', 'symlink_install': False, 'test_result_base': None}
[0.136s] Level 5:colcon.colcon_core.verb:set package 'cyberrunner_cpp' build argument 'cmake_args' from command line to 'None'
[0.136s] Level 5:colcon.colcon_core.verb:set package 'cyberrunner_cpp' build argument 'cmake_target' from command line to 'None'
[0.136s] Level 5:colcon.colcon_core.verb:set package 'cyberrunner_cpp' build argument 'cmake_target_skip_unavailable' from command line to 'False'
[0.136s] Level 5:colcon.colcon_core.verb:set package 'cyberrunner_cpp' build argument 'cmake_clean_cache' from command line to 'False'
[0.136s] Level 5:colcon.colcon_core.verb:set package 'cyberrunner_cpp' build argument 'cmake_clean_first' from command line to 'False'
[0.136s] Level 5:colcon.colcon_core.verb:set package 'cyberrunner_cpp' build argument 'cmake_force_configure' from command line to 'False'
[0.136s] Level 5:colcon.colcon_core.verb:set package 'cyberrunner_cpp' build argument 'ament_cmake_args' from command line to 'None'
[0.136s] Level 5:colcon.colcon_core.verb:set package 'cyberrunner_cpp' build argument 'catkin_cmake_args' from command line to 'None'
[0.136s] Level 5:colcon.colcon_core.verb:set package 'cyberrunner_cpp' build argument 'catkin_skip_building_tests' from command line to 'False'
[0.136s] DEBUG:colcon.colcon_core.verb:Building package 'cyberrunner_cpp' with the following arguments: {'ament_cmake_args': None, 'build_base': '/home/trungbao/cyberrunner_ws/build/cyberrunner_cpp', 'catkin_cmake_args': None, 'catkin_skip_building_tests': False, 'cmake_args': None, 'cmake_clean_cache': False, 'cmake_clean_first': False, 'cmake_force_configure': False, 'cmake_target': None, 'cmake_target_skip_unavailable': False, 'install_base': '/home/trungbao/cyberrunner_ws/install/cyberrunner_cpp', 'merge_install': False, 'path': '/home/trungbao/cyberrunner_ws/src/cyberrunner_cpp', 'symlink_install': False, 'test_result_base': None}
[0.136s] Level 5:colcon.colcon_core.verb:set package 'cyberrunner_hiwonder' build argument 'cmake_args' from command line to 'None'
[0.136s] Level 5:colcon.colcon_core.verb:set package 'cyberrunner_hiwonder' build argument 'cmake_target' from command line to 'None'
[0.136s] Level 5:colcon.colcon_core.verb:set package 'cyberrunner_hiwonder' build argument 'cmake_target_skip_unavailable' from command line to 'False'
[0.137s] Level 5:colcon.colcon_core.verb:set package 'cyberrunner_hiwonder' build argument 'cmake_clean_cache' from command line to 'False'
[0.137s] Level 5:colcon.colcon_core.verb:set package 'cyberrunner_hiwonder' build argument 'cmake_clean_first' from command line to 'False'
[0.137s] Level 5:colcon.colcon_core.verb:set package 'cyberrunner_hiwonder' build argument 'cmake_force_configure' from command line to 'False'
[0.137s] Level 5:colcon.colcon_core.verb:set package 'cyberrunner_hiwonder' build argument 'ament_cmake_args' from command line to 'None'
[0.137s] Level 5:colcon.colcon_core.verb:set package 'cyberrunner_hiwonder' build argument 'catkin_cmake_args' from command line to 'None'
[0.137s] Level 5:colcon.colcon_core.verb:set package 'cyberrunner_hiwonder' build argument 'catkin_skip_building_tests' from command line to 'False'
[0.137s] DEBUG:colcon.colcon_core.verb:Building package 'cyberrunner_hiwonder' with the following arguments: {'ament_cmake_args': None, 'build_base': '/home/trungbao/cyberrunner_ws/build/cyberrunner_hiwonder', 'catkin_cmake_args': None, 'catkin_skip_building_tests': False, 'cmake_args': None, 'cmake_clean_cache': False, 'cmake_clean_first': False, 'cmake_force_configure': False, 'cmake_target': None, 'cmake_target_skip_unavailable': False, 'install_base': '/home/trungbao/cyberrunner_ws/install/cyberrunner_hiwonder', 'merge_install': False, 'path': '/home/trungbao/cyberrunner_ws/src/cyberrunner_hiwonder', 'symlink_install': False, 'test_result_base': None}
[0.137s] Level 5:colcon.colcon_core.verb:set package 'cyberrunner_interfaces' build argument 'cmake_args' from command line to 'None'
[0.137s] Level 5:colcon.colcon_core.verb:set package 'cyberrunner_interfaces' build argument 'cmake_target' from command line to 'None'
[0.137s] Level 5:colcon.colcon_core.verb:set package 'cyberrunner_interfaces' build argument 'cmake_target_skip_unavailable' from command line to 'False'
[0.137s] Level 5:colcon.colcon_core.verb:set package 'cyberrunner_interfaces' build argument 'cmake_clean_cache' from command line to 'False'
[0.137s] Level 5:colcon.colcon_core.verb:set package 'cyberrunner_interfaces' build argument 'cmake_clean_first' from command line to 'False'
[0.137s] Level 5:colcon.colcon_core.verb:set package 'cyberrunner_interfaces' build argument 'cmake_force_configure' from command line to 'False'
[0.137s] Level 5:colcon.colcon_core.verb:set package 'cyberrunner_interfaces' build argument 'ament_cmake_args' from command line to 'None'
[0.137s] Level 5:colcon.colcon_core.verb:set package 'cyberrunner_interfaces' build argument 'catkin_cmake_args' from command line to 'None'
[0.137s] Level 5:colcon.colcon_core.verb:set package 'cyberrunner_interfaces' build argument 'catkin_skip_building_tests' from command line to 'False'
[0.137s] DEBUG:colcon.colcon_core.verb:Building package 'cyberrunner_interfaces' with the following arguments: {'ament_cmake_args': None, 'build_base': '/home/trungbao/cyberrunner_ws/build/cyberrunner_interfaces', 'catkin_cmake_args': None, 'catkin_skip_building_tests': False, 'cmake_args': None, 'cmake_clean_cache': False, 'cmake_clean_first': False, 'cmake_force_configure': False, 'cmake_target': None, 'cmake_target_skip_unavailable': False, 'install_base': '/home/trungbao/cyberrunner_ws/install/cyberrunner_interfaces', 'merge_install': False, 'path': '/home/trungbao/cyberrunner_ws/src/cyberrunner/cyberrunner_interfaces', 'symlink_install': False, 'test_result_base': None}
[0.137s] Level 5:colcon.colcon_core.verb:set package 'cyberrunner_vision' build argument 'cmake_args' from command line to 'None'
[0.137s] Level 5:colcon.colcon_core.verb:set package 'cyberrunner_vision' build argument 'cmake_target' from command line to 'None'
[0.137s] Level 5:colcon.colcon_core.verb:set package 'cyberrunner_vision' build argument 'cmake_target_skip_unavailable' from command line to 'False'
[0.137s] Level 5:colcon.colcon_core.verb:set package 'cyberrunner_vision' build argument 'cmake_clean_cache' from command line to 'False'
[0.137s] Level 5:colcon.colcon_core.verb:set package 'cyberrunner_vision' build argument 'cmake_clean_first' from command line to 'False'
[0.137s] Level 5:colcon.colcon_core.verb:set package 'cyberrunner_vision' build argument 'cmake_force_configure' from command line to 'False'
[0.137s] Level 5:colcon.colcon_core.verb:set package 'cyberrunner_vision' build argument 'ament_cmake_args' from command line to 'None'
[0.137s] Level 5:colcon.colcon_core.verb:set package 'cyberrunner_vision' build argument 'catkin_cmake_args' from command line to 'None'
[0.137s] Level 5:colcon.colcon_core.verb:set package 'cyberrunner_vision' build argument 'catkin_skip_building_tests' from command line to 'False'
[0.137s] DEBUG:colcon.colcon_core.verb:Building package 'cyberrunner_vision' with the following arguments: {'ament_cmake_args': None, 'build_base': '/home/trungbao/cyberrunner_ws/build/cyberrunner_vision', 'catkin_cmake_args': None, 'catkin_skip_building_tests': False, 'cmake_args': None, 'cmake_clean_cache': False, 'cmake_clean_first': False, 'cmake_force_configure': False, 'cmake_target': None, 'cmake_target_skip_unavailable': False, 'install_base': '/home/trungbao/cyberrunner_ws/install/cyberrunner_vision', 'merge_install': False, 'path': '/home/trungbao/cyberrunner_ws/src/cyberrunner_vision', 'symlink_install': False, 'test_result_base': None}
[0.137s] Level 5:colcon.colcon_core.verb:set package 'cyberrunner_dreamer' build argument 'cmake_args' from command line to 'None'
[0.137s] Level 5:colcon.colcon_core.verb:set package 'cyberrunner_dreamer' build argument 'cmake_target' from command line to 'None'
[0.137s] Level 5:colcon.colcon_core.verb:set package 'cyberrunner_dreamer' build argument 'cmake_target_skip_unavailable' from command line to 'False'
[0.137s] Level 5:colcon.colcon_core.verb:set package 'cyberrunner_dreamer' build argument 'cmake_clean_cache' from command line to 'False'
[0.137s] Level 5:colcon.colcon_core.verb:set package 'cyberrunner_dreamer' build argument 'cmake_clean_first' from command line to 'False'
[0.137s] Level 5:colcon.colcon_core.verb:set package 'cyberrunner_dreamer' build argument 'cmake_force_configure' from command line to 'False'
[0.137s] Level 5:colcon.colcon_core.verb:set package 'cyberrunner_dreamer' build argument 'ament_cmake_args' from command line to 'None'
[0.137s] Level 5:colcon.colcon_core.verb:set package 'cyberrunner_dreamer' build argument 'catkin_cmake_args' from command line to 'None'
[0.137s] Level 5:colcon.colcon_core.verb:set package 'cyberrunner_dreamer' build argument 'catkin_skip_building_tests' from command line to 'False'
[0.137s] DEBUG:colcon.colcon_core.verb:Building package 'cyberrunner_dreamer' with the following arguments: {'ament_cmake_args': None, 'build_base': '/home/trungbao/cyberrunner_ws/build/cyberrunner_dreamer', 'catkin_cmake_args': None, 'catkin_skip_building_tests': False, 'cmake_args': None, 'cmake_clean_cache': False, 'cmake_clean_first': False, 'cmake_force_configure': False, 'cmake_target': None, 'cmake_target_skip_unavailable': False, 'install_base': '/home/trungbao/cyberrunner_ws/install/cyberrunner_dreamer', 'merge_install': False, 'path': '/home/trungbao/cyberrunner_ws/src/cyberrunner/cyberrunner_dreamer', 'symlink_install': False, 'test_result_base': None}
[0.137s] Level 5:colcon.colcon_core.verb:set package 'cyberrunner_pid' build argument 'cmake_args' from command line to 'None'
[0.137s] Level 5:colcon.colcon_core.verb:set package 'cyberrunner_pid' build argument 'cmake_target' from command line to 'None'
[0.137s] Level 5:colcon.colcon_core.verb:set package 'cyberrunner_pid' build argument 'cmake_target_skip_unavailable' from command line to 'False'
[0.137s] Level 5:colcon.colcon_core.verb:set package 'cyberrunner_pid' build argument 'cmake_clean_cache' from command line to 'False'
[0.137s] Level 5:colcon.colcon_core.verb:set package 'cyberrunner_pid' build argument 'cmake_clean_first' from command line to 'False'
[0.137s] Level 5:colcon.colcon_core.verb:set package 'cyberrunner_pid' build argument 'cmake_force_configure' from command line to 'False'
[0.137s] Level 5:colcon.colcon_core.verb:set package 'cyberrunner_pid' build argument 'ament_cmake_args' from command line to 'None'
[0.137s] Level 5:colcon.colcon_core.verb:set package 'cyberrunner_pid' build argument 'catkin_cmake_args' from command line to 'None'
[0.137s] Level 5:colcon.colcon_core.verb:set package 'cyberrunner_pid' build argument 'catkin_skip_building_tests' from command line to 'False'
[0.137s] DEBUG:colcon.colcon_core.verb:Building package 'cyberrunner_pid' with the following arguments: {'ament_cmake_args': None, 'build_base': '/home/trungbao/cyberrunner_ws/build/cyberrunner_pid', 'catkin_cmake_args': None, 'catkin_skip_building_tests': False, 'cmake_args': None, 'cmake_clean_cache': False, 'cmake_clean_first': False, 'cmake_force_configure': False, 'cmake_target': None, 'cmake_target_skip_unavailable': False, 'install_base': '/home/trungbao/cyberrunner_ws/install/cyberrunner_pid', 'merge_install': False, 'path': '/home/trungbao/cyberrunner_ws/src/cyberrunner_pid', 'symlink_install': False, 'test_result_base': None}
[0.138s] Level 5:colcon.colcon_core.verb:set package 'cyberrunner_state_estimation' build argument 'cmake_args' from command line to 'None'
[0.138s] Level 5:colcon.colcon_core.verb:set package 'cyberrunner_state_estimation' build argument 'cmake_target' from command line to 'None'
[0.138s] Level 5:colcon.colcon_core.verb:set package 'cyberrunner_state_estimation' build argument 'cmake_target_skip_unavailable' from command line to 'False'
[0.138s] Level 5:colcon.colcon_core.verb:set package 'cyberrunner_state_estimation' build argument 'cmake_clean_cache' from command line to 'False'
[0.138s] Level 5:colcon.colcon_core.verb:set package 'cyberrunner_state_estimation' build argument 'cmake_clean_first' from command line to 'False'
[0.138s] Level 5:colcon.colcon_core.verb:set package 'cyberrunner_state_estimation' build argument 'cmake_force_configure' from command line to 'False'
[0.138s] Level 5:colcon.colcon_core.verb:set package 'cyberrunner_state_estimation' build argument 'ament_cmake_args' from command line to 'None'
[0.138s] Level 5:colcon.colcon_core.verb:set package 'cyberrunner_state_estimation' build argument 'catkin_cmake_args' from command line to 'None'
[0.138s] Level 5:colcon.colcon_core.verb:set package 'cyberrunner_state_estimation' build argument 'catkin_skip_building_tests' from command line to 'False'
[0.138s] DEBUG:colcon.colcon_core.verb:Building package 'cyberrunner_state_estimation' with the following arguments: {'ament_cmake_args': None, 'build_base': '/home/trungbao/cyberrunner_ws/build/cyberrunner_state_estimation', 'catkin_cmake_args': None, 'catkin_skip_building_tests': False, 'cmake_args': None, 'cmake_clean_cache': False, 'cmake_clean_first': False, 'cmake_force_configure': False, 'cmake_target': None, 'cmake_target_skip_unavailable': False, 'install_base': '/home/trungbao/cyberrunner_ws/install/cyberrunner_state_estimation', 'merge_install': False, 'path': '/home/trungbao/cyberrunner_ws/src/cyberrunner/cyberrunner_state_estimation', 'symlink_install': False, 'test_result_base': None}
[0.138s] INFO:colcon.colcon_core.executor:Executing jobs using 'parallel' executor
[0.138s] DEBUG:colcon.colcon_parallel_executor.executor.parallel:run_until_complete
[0.139s] INFO:colcon.colcon_ros.task.ament_cmake.build:Building ROS package in '/home/trungbao/cyberrunner_ws/src/cyberrunner/cyberrunner_interfaces' with build type 'ament_cmake'
[0.139s] INFO:colcon.colcon_cmake.task.cmake.build:Building CMake package in '/home/trungbao/cyberrunner_ws/src/cyberrunner/cyberrunner_interfaces'
[0.140s] INFO:colcon.colcon_core.plugin_system:Skipping extension 'colcon_core.shell.bat': Not used on non-Windows systems
[0.140s] INFO:colcon.colcon_core.shell:Skip shell extension 'powershell' for command environment: Not usable outside of PowerShell
[0.140s] DEBUG:colcon.colcon_core.shell:Skip shell extension 'dsv' for command environment
[0.142s] INFO:colcon.colcon_ros.task.ament_cmake.build:Building ROS package in '/home/trungbao/cyberrunner_ws/src/cyberrunner/cyberrunner_camera' with build type 'ament_cmake'
[0.142s] INFO:colcon.colcon_cmake.task.cmake.build:Building CMake package in '/home/trungbao/cyberrunner_ws/src/cyberrunner/cyberrunner_camera'
[0.142s] INFO:colcon.colcon_core.shell:Skip shell extension 'powershell' for command environment: Not usable outside of PowerShell
[0.142s] DEBUG:colcon.colcon_core.shell:Skip shell extension 'dsv' for command environment
[0.144s] INFO:colcon.colcon_ros.task.ament_cmake.build:Building ROS package in '/home/trungbao/cyberrunner_ws/src/cyberrunner_cpp' with build type 'ament_cmake'
[0.144s] INFO:colcon.colcon_cmake.task.cmake.build:Building CMake package in '/home/trungbao/cyberrunner_ws/src/cyberrunner_cpp'
[0.144s] INFO:colcon.colcon_core.shell:Skip shell extension 'powershell' for command environment: Not usable outside of PowerShell
[0.144s] DEBUG:colcon.colcon_core.shell:Skip shell extension 'dsv' for command environment
[0.145s] INFO:colcon.colcon_ros.task.ament_python.build:Building ROS package in '/home/trungbao/cyberrunner_ws/src/cyberrunner_hiwonder' with build type 'ament_python'
[0.145s] Level 1:colcon.colcon_core.shell:create_environment_hook('cyberrunner_hiwonder', 'ament_prefix_path')
[0.145s] INFO:colcon.colcon_core.shell:Creating environment hook '/home/trungbao/cyberrunner_ws/install/cyberrunner_hiwonder/share/cyberrunner_hiwonder/hook/ament_prefix_path.ps1'
[0.146s] INFO:colcon.colcon_core.shell:Creating environment descriptor '/home/trungbao/cyberrunner_ws/install/cyberrunner_hiwonder/share/cyberrunner_hiwonder/hook/ament_prefix_path.dsv'
[0.146s] INFO:colcon.colcon_core.shell:Creating environment hook '/home/trungbao/cyberrunner_ws/install/cyberrunner_hiwonder/share/cyberrunner_hiwonder/hook/ament_prefix_path.sh'
[0.146s] INFO:colcon.colcon_core.shell:Skip shell extension 'powershell' for command environment: Not usable outside of PowerShell
[0.146s] DEBUG:colcon.colcon_core.shell:Skip shell extension 'dsv' for command environment
[0.148s] INFO:colcon.colcon_ros.task.ament_python.build:Building ROS package in '/home/trungbao/cyberrunner_ws/src/cyberrunner_vision' with build type 'ament_python'
[0.148s] Level 1:colcon.colcon_core.shell:create_environment_hook('cyberrunner_vision', 'ament_prefix_path')
[0.148s] INFO:colcon.colcon_core.shell:Creating environment hook '/home/trungbao/cyberrunner_ws/install/cyberrunner_vision/share/cyberrunner_vision/hook/ament_prefix_path.ps1'
[0.148s] INFO:colcon.colcon_core.shell:Creating environment descriptor '/home/trungbao/cyberrunner_ws/install/cyberrunner_vision/share/cyberrunner_vision/hook/ament_prefix_path.dsv'
[0.148s] INFO:colcon.colcon_core.shell:Creating environment hook '/home/trungbao/cyberrunner_ws/install/cyberrunner_vision/share/cyberrunner_vision/hook/ament_prefix_path.sh'
[0.149s] INFO:colcon.colcon_core.shell:Skip shell extension 'powershell' for command environment: Not usable outside of PowerShell
[0.149s] DEBUG:colcon.colcon_core.shell:Skip shell extension 'dsv' for command environment
[0.153s] DEBUG:colcon.colcon_core.event_handler.log_command:Invoking command in '/home/trungbao/cyberrunner_ws/build/cyberrunner_interfaces': CMAKE_PREFIX_PATH=${CMAKE_PREFIX_PATH}:/home/trungbao/cyberrunner_ws/install/cyberrunner_vision:/home/trungbao/cyberrunner_ws/install/cyberrunner_state_estimation:/home/trungbao/cyberrunner_ws/install/cyberrunner_pid:/home/trungbao/cyberrunner_ws/install/cyberrunner_dreamer:/home/trungbao/cyberrunner_ws/install/cyberrunner_hiwonder:/opt/ros/humble /usr/bin/cmake --build /home/trungbao/cyberrunner_ws/build/cyberrunner_interfaces -- -j24 -l24
[0.154s] DEBUG:colcon.colcon_core.event_handler.log_command:Invoking command in '/home/trungbao/cyberrunner_ws/build/cyberrunner_camera': CMAKE_PREFIX_PATH=${CMAKE_PREFIX_PATH}:/home/trungbao/cyberrunner_ws/install/cyberrunner_vision:/home/trungbao/cyberrunner_ws/install/cyberrunner_state_estimation:/home/trungbao/cyberrunner_ws/install/cyberrunner_pid:/home/trungbao/cyberrunner_ws/install/cyberrunner_dreamer:/home/trungbao/cyberrunner_ws/install/cyberrunner_hiwonder:/opt/ros/humble /usr/bin/cmake --build /home/trungbao/cyberrunner_ws/build/cyberrunner_camera -- -j24 -l24
[0.155s] DEBUG:colcon.colcon_core.event_handler.log_command:Invoking command in '/home/trungbao/cyberrunner_ws/build/cyberrunner_cpp': CMAKE_PREFIX_PATH=${CMAKE_PREFIX_PATH}:/home/trungbao/cyberrunner_ws/install/cyberrunner_vision:/home/trungbao/cyberrunner_ws/install/cyberrunner_state_estimation:/home/trungbao/cyberrunner_ws/install/cyberrunner_pid:/home/trungbao/cyberrunner_ws/install/cyberrunner_dreamer:/home/trungbao/cyberrunner_ws/install/cyberrunner_hiwonder:/opt/ros/humble /usr/bin/cmake --build /home/trungbao/cyberrunner_ws/build/cyberrunner_cpp -- -j24 -l24
[0.325s] INFO:colcon.colcon_core.task.python.build:Building Python package in '/home/trungbao/cyberrunner_ws/src/cyberrunner_hiwonder'
[0.326s] INFO:colcon.colcon_core.shell:Skip shell extension 'powershell' for command environment: Not usable outside of PowerShell
[0.326s] DEBUG:colcon.colcon_core.shell:Skip shell extension 'dsv' for command environment
[0.544s] INFO:colcon.colcon_core.task.python.build:Building Python package in '/home/trungbao/cyberrunner_ws/src/cyberrunner_vision'
[0.544s] INFO:colcon.colcon_core.shell:Skip shell extension 'powershell' for command environment: Not usable outside of PowerShell
[0.544s] DEBUG:colcon.colcon_core.shell:Skip shell extension 'dsv' for command environment
[0.548s] DEBUG:colcon.colcon_core.event_handler.log_command:Invoked command in '/home/trungbao/cyberrunner_ws/build/cyberrunner_camera' returned '0': CMAKE_PREFIX_PATH=${CMAKE_PREFIX_PATH}:/home/trungbao/cyberrunner_ws/install/cyberrunner_vision:/home/trungbao/cyberrunner_ws/install/cyberrunner_state_estimation:/home/trungbao/cyberrunner_ws/install/cyberrunner_pid:/home/trungbao/cyberrunner_ws/install/cyberrunner_dreamer:/home/trungbao/cyberrunner_ws/install/cyberrunner_hiwonder:/opt/ros/humble /usr/bin/cmake --build /home/trungbao/cyberrunner_ws/build/cyberrunner_camera -- -j24 -l24
[0.556s] DEBUG:colcon.colcon_core.event_handler.log_command:Invoking command in '/home/trungbao/cyberrunner_ws/build/cyberrunner_camera': CMAKE_PREFIX_PATH=${CMAKE_PREFIX_PATH}:/home/trungbao/cyberrunner_ws/install/cyberrunner_vision:/home/trungbao/cyberrunner_ws/install/cyberrunner_state_estimation:/home/trungbao/cyberrunner_ws/install/cyberrunner_pid:/home/trungbao/cyberrunner_ws/install/cyberrunner_dreamer:/home/trungbao/cyberrunner_ws/install/cyberrunner_hiwonder:/opt/ros/humble /usr/bin/cmake --install /home/trungbao/cyberrunner_ws/build/cyberrunner_camera
[0.557s] DEBUG:colcon.colcon_core.event_handler.log_command:Invoked command in '/home/trungbao/cyberrunner_ws/build/cyberrunner_cpp' returned '0': CMAKE_PREFIX_PATH=${CMAKE_PREFIX_PATH}:/home/trungbao/cyberrunner_ws/install/cyberrunner_vision:/home/trungbao/cyberrunner_ws/install/cyberrunner_state_estimation:/home/trungbao/cyberrunner_ws/install/cyberrunner_pid:/home/trungbao/cyberrunner_ws/install/cyberrunner_dreamer:/home/trungbao/cyberrunner_ws/install/cyberrunner_hiwonder:/opt/ros/humble /usr/bin/cmake --build /home/trungbao/cyberrunner_ws/build/cyberrunner_cpp -- -j24 -l24
[0.559s] DEBUG:colcon.colcon_core.event_handler.log_command:Invoking command in '/home/trungbao/cyberrunner_ws/build/cyberrunner_cpp': CMAKE_PREFIX_PATH=${CMAKE_PREFIX_PATH}:/home/trungbao/cyberrunner_ws/install/cyberrunner_vision:/home/trungbao/cyberrunner_ws/install/cyberrunner_state_estimation:/home/trungbao/cyberrunner_ws/install/cyberrunner_pid:/home/trungbao/cyberrunner_ws/install/cyberrunner_dreamer:/home/trungbao/cyberrunner_ws/install/cyberrunner_hiwonder:/opt/ros/humble /usr/bin/cmake --install /home/trungbao/cyberrunner_ws/build/cyberrunner_cpp
[0.571s] Level 1:colcon.colcon_core.environment:create_environment_scripts_only(cyberrunner_cpp)
[0.574s] DEBUG:colcon.colcon_core.event_handler.log_command:Invoked command in '/home/trungbao/cyberrunner_ws/build/cyberrunner_cpp' returned '0': CMAKE_PREFIX_PATH=${CMAKE_PREFIX_PATH}:/home/trungbao/cyberrunner_ws/install/cyberrunner_vision:/home/trungbao/cyberrunner_ws/install/cyberrunner_state_estimation:/home/trungbao/cyberrunner_ws/install/cyberrunner_pid:/home/trungbao/cyberrunner_ws/install/cyberrunner_dreamer:/home/trungbao/cyberrunner_ws/install/cyberrunner_hiwonder:/opt/ros/humble /usr/bin/cmake --install /home/trungbao/cyberrunner_ws/build/cyberrunner_cpp
[0.577s] Level 1:colcon.colcon_core.environment:checking '/home/trungbao/cyberrunner_ws/install/cyberrunner_cpp' for CMake module files
[0.577s] Level 1:colcon.colcon_core.environment:checking '/home/trungbao/cyberrunner_ws/install/cyberrunner_cpp' for CMake config files
[0.578s] Level 1:colcon.colcon_core.shell:create_environment_hook('cyberrunner_cpp', 'cmake_prefix_path')
[0.578s] INFO:colcon.colcon_core.shell:Creating environment hook '/home/trungbao/cyberrunner_ws/install/cyberrunner_cpp/share/cyberrunner_cpp/hook/cmake_prefix_path.ps1'
[0.579s] INFO:colcon.colcon_core.shell:Creating environment descriptor '/home/trungbao/cyberrunner_ws/install/cyberrunner_cpp/share/cyberrunner_cpp/hook/cmake_prefix_path.dsv'
[0.579s] INFO:colcon.colcon_core.shell:Creating environment hook '/home/trungbao/cyberrunner_ws/install/cyberrunner_cpp/share/cyberrunner_cpp/hook/cmake_prefix_path.sh'
[0.580s] Level 1:colcon.colcon_core.environment:checking '/home/trungbao/cyberrunner_ws/install/cyberrunner_cpp/lib'
[0.580s] Level 1:colcon.colcon_core.environment:checking '/home/trungbao/cyberrunner_ws/install/cyberrunner_cpp/bin'
[0.580s] Level 1:colcon.colcon_core.environment:checking '/home/trungbao/cyberrunner_ws/install/cyberrunner_cpp/lib/pkgconfig/cyberrunner_cpp.pc'
[0.580s] Level 1:colcon.colcon_core.environment:checking '/home/trungbao/cyberrunner_ws/install/cyberrunner_cpp/lib/python3.10/site-packages'
[0.581s] Level 1:colcon.colcon_core.environment:checking '/home/trungbao/cyberrunner_ws/install/cyberrunner_cpp/bin'
[0.581s] INFO:colcon.colcon_core.shell:Creating package script '/home/trungbao/cyberrunner_ws/install/cyberrunner_cpp/share/cyberrunner_cpp/package.ps1'
[0.582s] INFO:colcon.colcon_core.shell:Creating package descriptor '/home/trungbao/cyberrunner_ws/install/cyberrunner_cpp/share/cyberrunner_cpp/package.dsv'
[0.583s] INFO:colcon.colcon_core.shell:Creating package script '/home/trungbao/cyberrunner_ws/install/cyberrunner_cpp/share/cyberrunner_cpp/package.sh'
[0.584s] INFO:colcon.colcon_core.shell:Creating package script '/home/trungbao/cyberrunner_ws/install/cyberrunner_cpp/share/cyberrunner_cpp/package.bash'
[0.585s] INFO:colcon.colcon_core.shell:Creating package script '/home/trungbao/cyberrunner_ws/install/cyberrunner_cpp/share/cyberrunner_cpp/package.zsh'
[0.586s] Level 1:colcon.colcon_core.environment:create_file_with_runtime_dependencies(/home/trungbao/cyberrunner_ws/install/cyberrunner_cpp/share/colcon-core/packages/cyberrunner_cpp)
[0.586s] Level 1:colcon.colcon_core.environment:create_environment_scripts_only(cyberrunner_cpp)
[0.587s] Level 1:colcon.colcon_core.environment:checking '/home/trungbao/cyberrunner_ws/install/cyberrunner_cpp' for CMake module files
[0.587s] Level 1:colcon.colcon_core.environment:checking '/home/trungbao/cyberrunner_ws/install/cyberrunner_cpp' for CMake config files
[0.588s] Level 1:colcon.colcon_core.shell:create_environment_hook('cyberrunner_cpp', 'cmake_prefix_path')
[0.588s] INFO:colcon.colcon_core.shell:Creating environment hook '/home/trungbao/cyberrunner_ws/install/cyberrunner_cpp/share/cyberrunner_cpp/hook/cmake_prefix_path.ps1'
[0.588s] INFO:colcon.colcon_core.shell:Creating environment descriptor '/home/trungbao/cyberrunner_ws/install/cyberrunner_cpp/share/cyberrunner_cpp/hook/cmake_prefix_path.dsv'
[0.589s] INFO:colcon.colcon_core.shell:Creating environment hook '/home/trungbao/cyberrunner_ws/install/cyberrunner_cpp/share/cyberrunner_cpp/hook/cmake_prefix_path.sh'
[0.590s] Level 1:colcon.colcon_core.environment:checking '/home/trungbao/cyberrunner_ws/install/cyberrunner_cpp/lib'
[0.590s] Level 1:colcon.colcon_core.environment:checking '/home/trungbao/cyberrunner_ws/install/cyberrunner_cpp/bin'
[0.590s] Level 1:colcon.colcon_core.environment:checking '/home/trungbao/cyberrunner_ws/install/cyberrunner_cpp/lib/pkgconfig/cyberrunner_cpp.pc'
[0.590s] Level 1:colcon.colcon_core.environment:checking '/home/trungbao/cyberrunner_ws/install/cyberrunner_cpp/lib/python3.10/site-packages'
[0.590s] Level 1:colcon.colcon_core.environment:checking '/home/trungbao/cyberrunner_ws/install/cyberrunner_cpp/bin'
[0.591s] INFO:colcon.colcon_core.shell:Creating package script '/home/trungbao/cyberrunner_ws/install/cyberrunner_cpp/share/cyberrunner_cpp/package.ps1'
[0.591s] INFO:colcon.colcon_core.shell:Creating package descriptor '/home/trungbao/cyberrunner_ws/install/cyberrunner_cpp/share/cyberrunner_cpp/package.dsv'
[0.592s] INFO:colcon.colcon_core.shell:Creating package script '/home/trungbao/cyberrunner_ws/install/cyberrunner_cpp/share/cyberrunner_cpp/package.sh'
[0.592s] INFO:colcon.colcon_core.shell:Creating package script '/home/trungbao/cyberrunner_ws/install/cyberrunner_cpp/share/cyberrunner_cpp/package.bash'
[0.593s] INFO:colcon.colcon_core.shell:Creating package script '/home/trungbao/cyberrunner_ws/install/cyberrunner_cpp/share/cyberrunner_cpp/package.zsh'
[0.593s] Level 1:colcon.colcon_core.environment:create_file_with_runtime_dependencies(/home/trungbao/cyberrunner_ws/install/cyberrunner_cpp/share/colcon-core/packages/cyberrunner_cpp)
[0.594s] Level 1:colcon.colcon_core.environment:create_environment_scripts_only(cyberrunner_camera)
[0.595s] Level 1:colcon.colcon_core.environment:checking '/home/trungbao/cyberrunner_ws/install/cyberrunner_camera' for CMake module files
[0.596s] DEBUG:colcon.colcon_core.event_handler.log_command:Invoked command in '/home/trungbao/cyberrunner_ws/build/cyberrunner_camera' returned '0': CMAKE_PREFIX_PATH=${CMAKE_PREFIX_PATH}:/home/trungbao/cyberrunner_ws/install/cyberrunner_vision:/home/trungbao/cyberrunner_ws/install/cyberrunner_state_estimation:/home/trungbao/cyberrunner_ws/install/cyberrunner_pid:/home/trungbao/cyberrunner_ws/install/cyberrunner_dreamer:/home/trungbao/cyberrunner_ws/install/cyberrunner_hiwonder:/opt/ros/humble /usr/bin/cmake --install /home/trungbao/cyberrunner_ws/build/cyberrunner_camera
[0.596s] Level 1:colcon.colcon_core.environment:checking '/home/trungbao/cyberrunner_ws/install/cyberrunner_camera' for CMake config files
[0.597s] Level 1:colcon.colcon_core.shell:create_environment_hook('cyberrunner_camera', 'cmake_prefix_path')
[0.597s] INFO:colcon.colcon_core.shell:Creating environment hook '/home/trungbao/cyberrunner_ws/install/cyberrunner_camera/share/cyberrunner_camera/hook/cmake_prefix_path.ps1'
[0.598s] INFO:colcon.colcon_core.shell:Creating environment descriptor '/home/trungbao/cyberrunner_ws/install/cyberrunner_camera/share/cyberrunner_camera/hook/cmake_prefix_path.dsv'
[0.598s] INFO:colcon.colcon_core.shell:Creating environment hook '/home/trungbao/cyberrunner_ws/install/cyberrunner_camera/share/cyberrunner_camera/hook/cmake_prefix_path.sh'
[0.599s] Level 1:colcon.colcon_core.environment:checking '/home/trungbao/cyberrunner_ws/install/cyberrunner_camera/lib'
[0.599s] Level 1:colcon.colcon_core.environment:checking '/home/trungbao/cyberrunner_ws/install/cyberrunner_camera/bin'
[0.599s] Level 1:colcon.colcon_core.environment:checking '/home/trungbao/cyberrunner_ws/install/cyberrunner_camera/lib/pkgconfig/cyberrunner_camera.pc'
[0.600s] Level 1:colcon.colcon_core.environment:checking '/home/trungbao/cyberrunner_ws/install/cyberrunner_camera/lib/python3.10/site-packages'
[0.600s] Level 1:colcon.colcon_core.environment:checking '/home/trungbao/cyberrunner_ws/install/cyberrunner_camera/bin'
[0.600s] INFO:colcon.colcon_core.shell:Creating package script '/home/trungbao/cyberrunner_ws/install/cyberrunner_camera/share/cyberrunner_camera/package.ps1'
[0.601s] INFO:colcon.colcon_core.shell:Creating package descriptor '/home/trungbao/cyberrunner_ws/install/cyberrunner_camera/share/cyberrunner_camera/package.dsv'
[0.602s] INFO:colcon.colcon_core.shell:Creating package script '/home/trungbao/cyberrunner_ws/install/cyberrunner_camera/share/cyberrunner_camera/package.sh'
[0.602s] INFO:colcon.colcon_core.shell:Creating package script '/home/trungbao/cyberrunner_ws/install/cyberrunner_camera/share/cyberrunner_camera/package.bash'
[0.603s] INFO:colcon.colcon_core.shell:Creating package script '/home/trungbao/cyberrunner_ws/install/cyberrunner_camera/share/cyberrunner_camera/package.zsh'
[0.603s] Level 1:colcon.colcon_core.environment:create_file_with_runtime_dependencies(/home/trungbao/cyberrunner_ws/install/cyberrunner_camera/share/colcon-core/packages/cyberrunner_camera)
[0.604s] Level 1:colcon.colcon_core.environment:create_environment_scripts_only(cyberrunner_camera)
[0.604s] Level 1:colcon.colcon_core.environment:checking '/home/trungbao/cyberrunner_ws/install/cyberrunner_camera' for CMake module files
[0.605s] Level 1:colcon.colcon_core.environment:checking '/home/trungbao/cyberrunner_ws/install/cyberrunner_camera' for CMake config files
[0.605s] Level 1:colcon.colcon_core.shell:create_environment_hook('cyberrunner_camera', 'cmake_prefix_path')
[0.605s] INFO:colcon.colcon_core.shell:Creating environment hook '/home/trungbao/cyberrunner_ws/install/cyberrunner_camera/share/cyberrunner_camera/hook/cmake_prefix_path.ps1'
[0.606s] INFO:colcon.colcon_core.shell:Creating environment descriptor '/home/trungbao/cyberrunner_ws/install/cyberrunner_camera/share/cyberrunner_camera/hook/cmake_prefix_path.dsv'
[0.606s] INFO:colcon.colcon_core.shell:Creating environment hook '/home/trungbao/cyberrunner_ws/install/cyberrunner_camera/share/cyberrunner_camera/hook/cmake_prefix_path.sh'
[0.607s] Level 1:colcon.colcon_core.environment:checking '/home/trungbao/cyberrunner_ws/install/cyberrunner_camera/lib'
[0.607s] Level 1:colcon.colcon_core.environment:checking '/home/trungbao/cyberrunner_ws/install/cyberrunner_camera/bin'
[0.607s] Level 1:colcon.colcon_core.environment:checking '/home/trungbao/cyberrunner_ws/install/cyberrunner_camera/lib/pkgconfig/cyberrunner_camera.pc'
[0.608s] Level 1:colcon.colcon_core.environment:checking '/home/trungbao/cyberrunner_ws/install/cyberrunner_camera/lib/python3.10/site-packages'
[0.608s] Level 1:colcon.colcon_core.environment:checking '/home/trungbao/cyberrunner_ws/install/cyberrunner_camera/bin'
[0.608s] INFO:colcon.colcon_core.shell:Creating package script '/home/trungbao/cyberrunner_ws/install/cyberrunner_camera/share/cyberrunner_camera/package.ps1'
[0.609s] INFO:colcon.colcon_core.shell:Creating package descriptor '/home/trungbao/cyberrunner_ws/install/cyberrunner_camera/share/cyberrunner_camera/package.dsv'
[0.610s] INFO:colcon.colcon_core.shell:Creating package script '/home/trungbao/cyberrunner_ws/install/cyberrunner_camera/share/cyberrunner_camera/package.sh'
[0.610s] INFO:colcon.colcon_core.shell:Creating package script '/home/trungbao/cyberrunner_ws/install/cyberrunner_camera/share/cyberrunner_camera/package.bash'
[0.611s] INFO:colcon.colcon_core.shell:Creating package script '/home/trungbao/cyberrunner_ws/install/cyberrunner_camera/share/cyberrunner_camera/package.zsh'
[0.611s] Level 1:colcon.colcon_core.environment:create_file_with_runtime_dependencies(/home/trungbao/cyberrunner_ws/install/cyberrunner_camera/share/colcon-core/packages/cyberrunner_camera)
[0.948s] DEBUG:colcon.colcon_core.event_handler.log_command:Invoking command in '/home/trungbao/cyberrunner_ws/src/cyberrunner_vision': PYTHONPATH=/home/trungbao/cyberrunner_ws/build/cyberrunner_vision/prefix_override:/usr/lib/python3/dist-packages/colcon_core/task/python/colcon_distutils_commands:/home/trungbao/cyberrunner_ws/install/cyberrunner_vision/lib/python3.10/site-packages:${PYTHONPATH} /usr/bin/python3 -W ignore:setup.py install is deprecated -W ignore:easy_install command is deprecated setup.py egg_info --egg-base ../../build/cyberrunner_vision build --build-base /home/trungbao/cyberrunner_ws/build/cyberrunner_vision/build install --record /home/trungbao/cyberrunner_ws/build/cyberrunner_vision/install.log --single-version-externally-managed install_data
[0.953s] DEBUG:colcon.colcon_core.event_handler.log_command:Invoking command in '/home/trungbao/cyberrunner_ws/src/cyberrunner_hiwonder': PYTHONPATH=/home/trungbao/cyberrunner_ws/build/cyberrunner_hiwonder/prefix_override:/usr/lib/python3/dist-packages/colcon_core/task/python/colcon_distutils_commands:/home/trungbao/cyberrunner_ws/install/cyberrunner_hiwonder/lib/python3.10/site-packages:${PYTHONPATH} /usr/bin/python3 -W ignore:setup.py install is deprecated -W ignore:easy_install command is deprecated setup.py egg_info --egg-base ../../build/cyberrunner_hiwonder build --build-base /home/trungbao/cyberrunner_ws/build/cyberrunner_hiwonder/build install --record /home/trungbao/cyberrunner_ws/build/cyberrunner_hiwonder/install.log --single-version-externally-managed install_data
[1.058s] DEBUG:colcon.colcon_core.event_handler.log_command:Invoked command in '/home/trungbao/cyberrunner_ws/build/cyberrunner_interfaces' returned '0': CMAKE_PREFIX_PATH=${CMAKE_PREFIX_PATH}:/home/trungbao/cyberrunner_ws/install/cyberrunner_vision:/home/trungbao/cyberrunner_ws/install/cyberrunner_state_estimation:/home/trungbao/cyberrunner_ws/install/cyberrunner_pid:/home/trungbao/cyberrunner_ws/install/cyberrunner_dreamer:/home/trungbao/cyberrunner_ws/install/cyberrunner_hiwonder:/opt/ros/humble /usr/bin/cmake --build /home/trungbao/cyberrunner_ws/build/cyberrunner_interfaces -- -j24 -l24
[1.059s] DEBUG:colcon.colcon_core.event_handler.log_command:Invoking command in '/home/trungbao/cyberrunner_ws/build/cyberrunner_interfaces': CMAKE_PREFIX_PATH=${CMAKE_PREFIX_PATH}:/home/trungbao/cyberrunner_ws/install/cyberrunner_vision:/home/trungbao/cyberrunner_ws/install/cyberrunner_state_estimation:/home/trungbao/cyberrunner_ws/install/cyberrunner_pid:/home/trungbao/cyberrunner_ws/install/cyberrunner_dreamer:/home/trungbao/cyberrunner_ws/install/cyberrunner_hiwonder:/opt/ros/humble /usr/bin/cmake --install /home/trungbao/cyberrunner_ws/build/cyberrunner_interfaces
[1.127s] Level 1:colcon.colcon_core.environment:create_environment_scripts_only(cyberrunner_interfaces)
[1.127s] DEBUG:colcon.colcon_core.event_handler.log_command:Invoked command in '/home/trungbao/cyberrunner_ws/build/cyberrunner_interfaces' returned '0': CMAKE_PREFIX_PATH=${CMAKE_PREFIX_PATH}:/home/trungbao/cyberrunner_ws/install/cyberrunner_vision:/home/trungbao/cyberrunner_ws/install/cyberrunner_state_estimation:/home/trungbao/cyberrunner_ws/install/cyberrunner_pid:/home/trungbao/cyberrunner_ws/install/cyberrunner_dreamer:/home/trungbao/cyberrunner_ws/install/cyberrunner_hiwonder:/opt/ros/humble /usr/bin/cmake --install /home/trungbao/cyberrunner_ws/build/cyberrunner_interfaces
[1.127s] Level 1:colcon.colcon_core.environment:checking '/home/trungbao/cyberrunner_ws/install/cyberrunner_interfaces' for CMake module files
[1.128s] Level 1:colcon.colcon_core.environment:checking '/home/trungbao/cyberrunner_ws/install/cyberrunner_interfaces' for CMake config files
[1.129s] Level 1:colcon.colcon_core.shell:create_environment_hook('cyberrunner_interfaces', 'cmake_prefix_path')
[1.129s] INFO:colcon.colcon_core.shell:Creating environment hook '/home/trungbao/cyberrunner_ws/install/cyberrunner_interfaces/share/cyberrunner_interfaces/hook/cmake_prefix_path.ps1'
[1.130s] INFO:colcon.colcon_core.shell:Creating environment descriptor '/home/trungbao/cyberrunner_ws/install/cyberrunner_interfaces/share/cyberrunner_interfaces/hook/cmake_prefix_path.dsv'
[1.130s] INFO:colcon.colcon_core.shell:Creating environment hook '/home/trungbao/cyberrunner_ws/install/cyberrunner_interfaces/share/cyberrunner_interfaces/hook/cmake_prefix_path.sh'
[1.131s] Level 1:colcon.colcon_core.environment:checking '/home/trungbao/cyberrunner_ws/install/cyberrunner_interfaces/lib'
[1.131s] Level 1:colcon.colcon_core.shell:create_environment_hook('cyberrunner_interfaces', 'ld_library_path_lib')
[1.131s] INFO:colcon.colcon_core.shell:Creating environment hook '/home/trungbao/cyberrunner_ws/install/cyberrunner_interfaces/share/cyberrunner_interfaces/hook/ld_library_path_lib.ps1'
[1.131s] INFO:colcon.colcon_core.shell:Creating environment descriptor '/home/trungbao/cyberrunner_ws/install/cyberrunner_interfaces/share/cyberrunner_interfaces/hook/ld_library_path_lib.dsv'
[1.132s] INFO:colcon.colcon_core.shell:Creating environment hook '/home/trungbao/cyberrunner_ws/install/cyberrunner_interfaces/share/cyberrunner_interfaces/hook/ld_library_path_lib.sh'
[1.132s] Level 1:colcon.colcon_core.environment:checking '/home/trungbao/cyberrunner_ws/install/cyberrunner_interfaces/bin'
[1.132s] Level 1:colcon.colcon_core.environment:checking '/home/trungbao/cyberrunner_ws/install/cyberrunner_interfaces/lib/pkgconfig/cyberrunner_interfaces.pc'
[1.132s] Level 1:colcon.colcon_core.environment:checking '/home/trungbao/cyberrunner_ws/install/cyberrunner_interfaces/lib/python3.10/site-packages'
[1.133s] Level 1:colcon.colcon_core.environment:checking '/home/trungbao/cyberrunner_ws/install/cyberrunner_interfaces/bin'
[1.133s] INFO:colcon.colcon_core.shell:Creating package script '/home/trungbao/cyberrunner_ws/install/cyberrunner_interfaces/share/cyberrunner_interfaces/package.ps1'
[1.133s] INFO:colcon.colcon_core.shell:Creating package descriptor '/home/trungbao/cyberrunner_ws/install/cyberrunner_interfaces/share/cyberrunner_interfaces/package.dsv'
[1.133s] INFO:colcon.colcon_core.shell:Creating package script '/home/trungbao/cyberrunner_ws/install/cyberrunner_interfaces/share/cyberrunner_interfaces/package.sh'
[1.134s] INFO:colcon.colcon_core.shell:Creating package script '/home/trungbao/cyberrunner_ws/install/cyberrunner_interfaces/share/cyberrunner_interfaces/package.bash'
[1.134s] INFO:colcon.colcon_core.shell:Creating package script '/home/trungbao/cyberrunner_ws/install/cyberrunner_interfaces/share/cyberrunner_interfaces/package.zsh'
[1.134s] Level 1:colcon.colcon_core.environment:create_file_with_runtime_dependencies(/home/trungbao/cyberrunner_ws/install/cyberrunner_interfaces/share/colcon-core/packages/cyberrunner_interfaces)
[1.134s] Level 1:colcon.colcon_core.environment:create_environment_scripts_only(cyberrunner_interfaces)
[1.134s] Level 1:colcon.colcon_core.environment:checking '/home/trungbao/cyberrunner_ws/install/cyberrunner_interfaces' for CMake module files
[1.135s] Level 1:colcon.colcon_core.environment:checking '/home/trungbao/cyberrunner_ws/install/cyberrunner_interfaces' for CMake config files
[1.135s] Level 1:colcon.colcon_core.shell:create_environment_hook('cyberrunner_interfaces', 'cmake_prefix_path')
[1.135s] INFO:colcon.colcon_core.shell:Creating environment hook '/home/trungbao/cyberrunner_ws/install/cyberrunner_interfaces/share/cyberrunner_interfaces/hook/cmake_prefix_path.ps1'
[1.136s] INFO:colcon.colcon_core.shell:Creating environment descriptor '/home/trungbao/cyberrunner_ws/install/cyberrunner_interfaces/share/cyberrunner_interfaces/hook/cmake_prefix_path.dsv'
[1.136s] INFO:colcon.colcon_core.shell:Creating environment hook '/home/trungbao/cyberrunner_ws/install/cyberrunner_interfaces/share/cyberrunner_interfaces/hook/cmake_prefix_path.sh'
[1.136s] Level 1:colcon.colcon_core.environment:checking '/home/trungbao/cyberrunner_ws/install/cyberrunner_interfaces/lib'
[1.136s] Level 1:colcon.colcon_core.shell:create_environment_hook('cyberrunner_interfaces', 'ld_library_path_lib')
[1.136s] INFO:colcon.colcon_core.shell:Creating environment hook '/home/trungbao/cyberrunner_ws/install/cyberrunner_interfaces/share/cyberrunner_interfaces/hook/ld_library_path_lib.ps1'
[1.137s] INFO:colcon.colcon_core.shell:Creating environment descriptor '/home/trungbao/cyberrunner_ws/install/cyberrunner_interfaces/share/cyberrunner_interfaces/hook/ld_library_path_lib.dsv'
[1.137s] INFO:colcon.colcon_core.shell:Creating environment hook '/home/trungbao/cyberrunner_ws/install/cyberrunner_interfaces/share/cyberrunner_interfaces/hook/ld_library_path_lib.sh'
[1.137s] Level 1:colcon.colcon_core.environment:checking '/home/trungbao/cyberrunner_ws/install/cyberrunner_interfaces/bin'
[1.137s] Level 1:colcon.colcon_core.environment:checking '/home/trungbao/cyberrunner_ws/install/cyberrunner_interfaces/lib/pkgconfig/cyberrunner_interfaces.pc'
[1.137s] Level 1:colcon.colcon_core.environment:checking '/home/trungbao/cyberrunner_ws/install/cyberrunner_interfaces/lib/python3.10/site-packages'
[1.137s] Level 1:colcon.colcon_core.environment:checking '/home/trungbao/cyberrunner_ws/install/cyberrunner_interfaces/bin'
[1.137s] INFO:colcon.colcon_core.shell:Creating package script '/home/trungbao/cyberrunner_ws/install/cyberrunner_interfaces/share/cyberrunner_interfaces/package.ps1'
[1.138s] INFO:colcon.colcon_core.shell:Creating package descriptor '/home/trungbao/cyberrunner_ws/install/cyberrunner_interfaces/share/cyberrunner_interfaces/package.dsv'
[1.138s] INFO:colcon.colcon_core.shell:Creating package script '/home/trungbao/cyberrunner_ws/install/cyberrunner_interfaces/share/cyberrunner_interfaces/package.sh'
[1.138s] INFO:colcon.colcon_core.shell:Creating package script '/home/trungbao/cyberrunner_ws/install/cyberrunner_interfaces/share/cyberrunner_interfaces/package.bash'
[1.139s] INFO:colcon.colcon_core.shell:Creating package script '/home/trungbao/cyberrunner_ws/install/cyberrunner_interfaces/share/cyberrunner_interfaces/package.zsh'
[1.139s] Level 1:colcon.colcon_core.environment:create_file_with_runtime_dependencies(/home/trungbao/cyberrunner_ws/install/cyberrunner_interfaces/share/colcon-core/packages/cyberrunner_interfaces)
[1.139s] INFO:colcon.colcon_ros.task.ament_python.build:Building ROS package in '/home/trungbao/cyberrunner_ws/src/cyberrunner/cyberrunner_dreamer' with build type 'ament_python'
[1.139s] Level 1:colcon.colcon_core.shell:create_environment_hook('cyberrunner_dreamer', 'ament_prefix_path')
[1.140s] INFO:colcon.colcon_core.shell:Creating environment hook '/home/trungbao/cyberrunner_ws/install/cyberrunner_dreamer/share/cyberrunner_dreamer/hook/ament_prefix_path.ps1'
[1.140s] INFO:colcon.colcon_core.shell:Creating environment descriptor '/home/trungbao/cyberrunner_ws/install/cyberrunner_dreamer/share/cyberrunner_dreamer/hook/ament_prefix_path.dsv'
[1.140s] INFO:colcon.colcon_core.shell:Creating environment hook '/home/trungbao/cyberrunner_ws/install/cyberrunner_dreamer/share/cyberrunner_dreamer/hook/ament_prefix_path.sh'
[1.140s] INFO:colcon.colcon_core.shell:Skip shell extension 'powershell' for command environment: Not usable outside of PowerShell
[1.140s] DEBUG:colcon.colcon_core.shell:Skip shell extension 'dsv' for command environment
[1.142s] INFO:colcon.colcon_ros.task.ament_python.build:Building ROS package in '/home/trungbao/cyberrunner_ws/src/cyberrunner_pid' with build type 'ament_python'
[1.142s] Level 1:colcon.colcon_core.shell:create_environment_hook('cyberrunner_pid', 'ament_prefix_path')
[1.142s] INFO:colcon.colcon_core.shell:Creating environment hook '/home/trungbao/cyberrunner_ws/install/cyberrunner_pid/share/cyberrunner_pid/hook/ament_prefix_path.ps1'
[1.143s] INFO:colcon.colcon_core.shell:Creating environment descriptor '/home/trungbao/cyberrunner_ws/install/cyberrunner_pid/share/cyberrunner_pid/hook/ament_prefix_path.dsv'
[1.143s] INFO:colcon.colcon_core.shell:Creating environment hook '/home/trungbao/cyberrunner_ws/install/cyberrunner_pid/share/cyberrunner_pid/hook/ament_prefix_path.sh'
[1.143s] INFO:colcon.colcon_core.shell:Skip shell extension 'powershell' for command environment: Not usable outside of PowerShell
[1.143s] DEBUG:colcon.colcon_core.shell:Skip shell extension 'dsv' for command environment
[1.145s] INFO:colcon.colcon_ros.task.ament_python.build:Building ROS package in '/home/trungbao/cyberrunner_ws/src/cyberrunner/cyberrunner_state_estimation' with build type 'ament_python'
[1.145s] Level 1:colcon.colcon_core.shell:create_environment_hook('cyberrunner_state_estimation', 'ament_prefix_path')
[1.146s] INFO:colcon.colcon_core.shell:Creating environment hook '/home/trungbao/cyberrunner_ws/install/cyberrunner_state_estimation/share/cyberrunner_state_estimation/hook/ament_prefix_path.ps1'
[1.146s] INFO:colcon.colcon_core.shell:Creating environment descriptor '/home/trungbao/cyberrunner_ws/install/cyberrunner_state_estimation/share/cyberrunner_state_estimation/hook/ament_prefix_path.dsv'
[1.146s] INFO:colcon.colcon_core.shell:Creating environment hook '/home/trungbao/cyberrunner_ws/install/cyberrunner_state_estimation/share/cyberrunner_state_estimation/hook/ament_prefix_path.sh'
[1.146s] INFO:colcon.colcon_core.shell:Skip shell extension 'powershell' for command environment: Not usable outside of PowerShell
[1.146s] DEBUG:colcon.colcon_core.shell:Skip shell extension 'dsv' for command environment
[1.271s] INFO:colcon.colcon_core.task.python.build:Building Python package in '/home/trungbao/cyberrunner_ws/src/cyberrunner/cyberrunner_dreamer'
[1.271s] INFO:colcon.colcon_core.shell:Skip shell extension 'powershell' for command environment: Not usable outside of PowerShell
[1.271s] DEBUG:colcon.colcon_core.shell:Skip shell extension 'dsv' for command environment
[1.382s] INFO:colcon.colcon_core.task.python.build:Building Python package in '/home/trungbao/cyberrunner_ws/src/cyberrunner_pid'
[1.382s] INFO:colcon.colcon_core.shell:Skip shell extension 'powershell' for command environment: Not usable outside of PowerShell
[1.382s] DEBUG:colcon.colcon_core.shell:Skip shell extension 'dsv' for command environment
[1.386s] Level 1:colcon.colcon_core.environment:checking '/home/trungbao/cyberrunner_ws/install/cyberrunner_vision' for CMake module files
[1.387s] DEBUG:colcon.colcon_core.event_handler.log_command:Invoked command in '/home/trungbao/cyberrunner_ws/src/cyberrunner_vision' returned '0': PYTHONPATH=/home/trungbao/cyberrunner_ws/build/cyberrunner_vision/prefix_override:/usr/lib/python3/dist-packages/colcon_core/task/python/colcon_distutils_commands:/home/trungbao/cyberrunner_ws/install/cyberrunner_vision/lib/python3.10/site-packages:${PYTHONPATH} /usr/bin/python3 -W ignore:setup.py install is deprecated -W ignore:easy_install command is deprecated setup.py egg_info --egg-base ../../build/cyberrunner_vision build --build-base /home/trungbao/cyberrunner_ws/build/cyberrunner_vision/build install --record /home/trungbao/cyberrunner_ws/build/cyberrunner_vision/install.log --single-version-externally-managed install_data
[1.387s] Level 1:colcon.colcon_core.environment:checking '/home/trungbao/cyberrunner_ws/install/cyberrunner_vision' for CMake config files
[1.388s] Level 1:colcon.colcon_core.environment:checking '/home/trungbao/cyberrunner_ws/install/cyberrunner_vision/lib'
[1.388s] Level 1:colcon.colcon_core.environment:checking '/home/trungbao/cyberrunner_ws/install/cyberrunner_vision/bin'
[1.388s] Level 1:colcon.colcon_core.environment:checking '/home/trungbao/cyberrunner_ws/install/cyberrunner_vision/lib/pkgconfig/cyberrunner_vision.pc'
[1.388s] Level 1:colcon.colcon_core.environment:checking '/home/trungbao/cyberrunner_ws/install/cyberrunner_vision/lib/python3.10/site-packages'
[1.388s] Level 1:colcon.colcon_core.shell:create_environment_hook('cyberrunner_vision', 'pythonpath')
[1.388s] INFO:colcon.colcon_core.shell:Creating environment hook '/home/trungbao/cyberrunner_ws/install/cyberrunner_vision/share/cyberrunner_vision/hook/pythonpath.ps1'
[1.388s] INFO:colcon.colcon_core.shell:Creating environment descriptor '/home/trungbao/cyberrunner_ws/install/cyberrunner_vision/share/cyberrunner_vision/hook/pythonpath.dsv'
[1.388s] INFO:colcon.colcon_core.shell:Creating environment hook '/home/trungbao/cyberrunner_ws/install/cyberrunner_vision/share/cyberrunner_vision/hook/pythonpath.sh'
[1.389s] Level 1:colcon.colcon_core.environment:checking '/home/trungbao/cyberrunner_ws/install/cyberrunner_vision/bin'
[1.389s] Level 1:colcon.colcon_core.environment:create_environment_scripts_only(cyberrunner_vision)
[1.389s] INFO:colcon.colcon_core.shell:Creating package script '/home/trungbao/cyberrunner_ws/install/cyberrunner_vision/share/cyberrunner_vision/package.ps1'
[1.389s] INFO:colcon.colcon_core.shell:Creating package descriptor '/home/trungbao/cyberrunner_ws/install/cyberrunner_vision/share/cyberrunner_vision/package.dsv'
[1.389s] INFO:colcon.colcon_core.shell:Creating package script '/home/trungbao/cyberrunner_ws/install/cyberrunner_vision/share/cyberrunner_vision/package.sh'
[1.389s] INFO:colcon.colcon_core.shell:Creating package script '/home/trungbao/cyberrunner_ws/install/cyberrunner_vision/share/cyberrunner_vision/package.bash'
[1.389s] INFO:colcon.colcon_core.shell:Creating package script '/home/trungbao/cyberrunner_ws/install/cyberrunner_vision/share/cyberrunner_vision/package.zsh'
[1.390s] Level 1:colcon.colcon_core.environment:create_file_with_runtime_dependencies(/home/trungbao/cyberrunner_ws/install/cyberrunner_vision/share/colcon-core/packages/cyberrunner_vision)
[1.390s] Level 1:colcon.colcon_core.environment:checking '/home/trungbao/cyberrunner_ws/install/cyberrunner_hiwonder' for CMake module files
[1.390s] Level 1:colcon.colcon_core.environment:checking '/home/trungbao/cyberrunner_ws/install/cyberrunner_hiwonder' for CMake config files
[1.390s] DEBUG:colcon.colcon_core.event_handler.log_command:Invoked command in '/home/trungbao/cyberrunner_ws/src/cyberrunner_hiwonder' returned '0': PYTHONPATH=/home/trungbao/cyberrunner_ws/build/cyberrunner_hiwonder/prefix_override:/usr/lib/python3/dist-packages/colcon_core/task/python/colcon_distutils_commands:/home/trungbao/cyberrunner_ws/install/cyberrunner_hiwonder/lib/python3.10/site-packages:${PYTHONPATH} /usr/bin/python3 -W ignore:setup.py install is deprecated -W ignore:easy_install command is deprecated setup.py egg_info --egg-base ../../build/cyberrunner_hiwonder build --build-base /home/trungbao/cyberrunner_ws/build/cyberrunner_hiwonder/build install --record /home/trungbao/cyberrunner_ws/build/cyberrunner_hiwonder/install.log --single-version-externally-managed install_data
[1.391s] Level 1:colcon.colcon_core.environment:checking '/home/trungbao/cyberrunner_ws/install/cyberrunner_hiwonder/lib'
[1.391s] Level 1:colcon.colcon_core.environment:checking '/home/trungbao/cyberrunner_ws/install/cyberrunner_hiwonder/bin'
[1.391s] Level 1:colcon.colcon_core.environment:checking '/home/trungbao/cyberrunner_ws/install/cyberrunner_hiwonder/lib/pkgconfig/cyberrunner_hiwonder.pc'
[1.391s] Level 1:colcon.colcon_core.environment:checking '/home/trungbao/cyberrunner_ws/install/cyberrunner_hiwonder/lib/python3.10/site-packages'
[1.391s] Level 1:colcon.colcon_core.shell:create_environment_hook('cyberrunner_hiwonder', 'pythonpath')
[1.391s] INFO:colcon.colcon_core.shell:Creating environment hook '/home/trungbao/cyberrunner_ws/install/cyberrunner_hiwonder/share/cyberrunner_hiwonder/hook/pythonpath.ps1'
[1.391s] INFO:colcon.colcon_core.shell:Creating environment descriptor '/home/trungbao/cyberrunner_ws/install/cyberrunner_hiwonder/share/cyberrunner_hiwonder/hook/pythonpath.dsv'
[1.391s] INFO:colcon.colcon_core.shell:Creating environment hook '/home/trungbao/cyberrunner_ws/install/cyberrunner_hiwonder/share/cyberrunner_hiwonder/hook/pythonpath.sh'
[1.392s] Level 1:colcon.colcon_core.environment:checking '/home/trungbao/cyberrunner_ws/install/cyberrunner_hiwonder/bin'
[1.392s] Level 1:colcon.colcon_core.environment:create_environment_scripts_only(cyberrunner_hiwonder)
[1.392s] INFO:colcon.colcon_core.shell:Creating package script '/home/trungbao/cyberrunner_ws/install/cyberrunner_hiwonder/share/cyberrunner_hiwonder/package.ps1'
[1.392s] INFO:colcon.colcon_core.shell:Creating package descriptor '/home/trungbao/cyberrunner_ws/install/cyberrunner_hiwonder/share/cyberrunner_hiwonder/package.dsv'
[1.392s] INFO:colcon.colcon_core.shell:Creating package script '/home/trungbao/cyberrunner_ws/install/cyberrunner_hiwonder/share/cyberrunner_hiwonder/package.sh'
[1.392s] INFO:colcon.colcon_core.shell:Creating package script '/home/trungbao/cyberrunner_ws/install/cyberrunner_hiwonder/share/cyberrunner_hiwonder/package.bash'
[1.392s] INFO:colcon.colcon_core.shell:Creating package script '/home/trungbao/cyberrunner_ws/install/cyberrunner_hiwonder/share/cyberrunner_hiwonder/package.zsh'
[1.393s] Level 1:colcon.colcon_core.environment:create_file_with_runtime_dependencies(/home/trungbao/cyberrunner_ws/install/cyberrunner_hiwonder/share/colcon-core/packages/cyberrunner_hiwonder)
[1.506s] INFO:colcon.colcon_core.task.python.build:Building Python package in '/home/trungbao/cyberrunner_ws/src/cyberrunner/cyberrunner_state_estimation'
[1.506s] INFO:colcon.colcon_core.shell:Skip shell extension 'powershell' for command environment: Not usable outside of PowerShell
[1.506s] DEBUG:colcon.colcon_core.shell:Skip shell extension 'dsv' for command environment
[1.757s] DEBUG:colcon.colcon_core.event_handler.log_command:Invoking command in '/home/trungbao/cyberrunner_ws/src/cyberrunner/cyberrunner_state_estimation': PYTHONPATH=/home/trungbao/cyberrunner_ws/build/cyberrunner_state_estimation/prefix_override:/usr/lib/python3/dist-packages/colcon_core/task/python/colcon_distutils_commands:/home/trungbao/cyberrunner_ws/install/cyberrunner_state_estimation/lib/python3.10/site-packages:${PYTHONPATH} /usr/bin/python3 -W ignore:setup.py install is deprecated -W ignore:easy_install command is deprecated setup.py egg_info --egg-base ../../../build/cyberrunner_state_estimation build --build-base /home/trungbao/cyberrunner_ws/build/cyberrunner_state_estimation/build install --record /home/trungbao/cyberrunner_ws/build/cyberrunner_state_estimation/install.log --single-version-externally-managed install_data
[1.765s] DEBUG:colcon.colcon_core.event_handler.log_command:Invoking command in '/home/trungbao/cyberrunner_ws/src/cyberrunner_pid': PYTHONPATH=/home/trungbao/cyberrunner_ws/build/cyberrunner_pid/prefix_override:/usr/lib/python3/dist-packages/colcon_core/task/python/colcon_distutils_commands:/home/trungbao/cyberrunner_ws/install/cyberrunner_pid/lib/python3.10/site-packages:${PYTHONPATH} /usr/bin/python3 -W ignore:setup.py install is deprecated -W ignore:easy_install command is deprecated setup.py egg_info --egg-base ../../build/cyberrunner_pid build --build-base /home/trungbao/cyberrunner_ws/build/cyberrunner_pid/build install --record /home/trungbao/cyberrunner_ws/build/cyberrunner_pid/install.log --single-version-externally-managed install_data
[1.765s] DEBUG:colcon.colcon_core.event_handler.log_command:Invoking command in '/home/trungbao/cyberrunner_ws/src/cyberrunner/cyberrunner_dreamer': PYTHONPATH=/home/trungbao/cyberrunner_ws/build/cyberrunner_dreamer/prefix_override:/usr/lib/python3/dist-packages/colcon_core/task/python/colcon_distutils_commands:/home/trungbao/cyberrunner_ws/install/cyberrunner_dreamer/lib/python3.10/site-packages:${PYTHONPATH} /usr/bin/python3 -W ignore:setup.py install is deprecated -W ignore:easy_install command is deprecated setup.py egg_info --egg-base ../../../build/cyberrunner_dreamer build --build-base /home/trungbao/cyberrunner_ws/build/cyberrunner_dreamer/build install --record /home/trungbao/cyberrunner_ws/build/cyberrunner_dreamer/install.log --single-version-externally-managed install_data
[2.022s] Level 1:colcon.colcon_core.environment:checking '/home/trungbao/cyberrunner_ws/install/cyberrunner_state_estimation' for CMake module files
[2.022s] DEBUG:colcon.colcon_core.event_handler.log_command:Invoked command in '/home/trungbao/cyberrunner_ws/src/cyberrunner/cyberrunner_state_estimation' returned '0': PYTHONPATH=/home/trungbao/cyberrunner_ws/build/cyberrunner_state_estimation/prefix_override:/usr/lib/python3/dist-packages/colcon_core/task/python/colcon_distutils_commands:/home/trungbao/cyberrunner_ws/install/cyberrunner_state_estimation/lib/python3.10/site-packages:${PYTHONPATH} /usr/bin/python3 -W ignore:setup.py install is deprecated -W ignore:easy_install command is deprecated setup.py egg_info --egg-base ../../../build/cyberrunner_state_estimation build --build-base /home/trungbao/cyberrunner_ws/build/cyberrunner_state_estimation/build install --record /home/trungbao/cyberrunner_ws/build/cyberrunner_state_estimation/install.log --single-version-externally-managed install_data
[2.022s] Level 1:colcon.colcon_core.environment:checking '/home/trungbao/cyberrunner_ws/install/cyberrunner_state_estimation' for CMake config files
[2.023s] Level 1:colcon.colcon_core.environment:checking '/home/trungbao/cyberrunner_ws/install/cyberrunner_state_estimation/lib'
[2.023s] Level 1:colcon.colcon_core.environment:checking '/home/trungbao/cyberrunner_ws/install/cyberrunner_state_estimation/bin'
[2.023s] Level 1:colcon.colcon_core.environment:checking '/home/trungbao/cyberrunner_ws/install/cyberrunner_state_estimation/lib/pkgconfig/cyberrunner_state_estimation.pc'
[2.023s] Level 1:colcon.colcon_core.environment:checking '/home/trungbao/cyberrunner_ws/install/cyberrunner_state_estimation/lib/python3.10/site-packages'
[2.023s] Level 1:colcon.colcon_core.shell:create_environment_hook('cyberrunner_state_estimation', 'pythonpath')
[2.023s] INFO:colcon.colcon_core.shell:Creating environment hook '/home/trungbao/cyberrunner_ws/install/cyberrunner_state_estimation/share/cyberrunner_state_estimation/hook/pythonpath.ps1'
[2.023s] INFO:colcon.colcon_core.shell:Creating environment descriptor '/home/trungbao/cyberrunner_ws/install/cyberrunner_state_estimation/share/cyberrunner_state_estimation/hook/pythonpath.dsv'
[2.023s] INFO:colcon.colcon_core.shell:Creating environment hook '/home/trungbao/cyberrunner_ws/install/cyberrunner_state_estimation/share/cyberrunner_state_estimation/hook/pythonpath.sh'
[2.024s] Level 1:colcon.colcon_core.environment:checking '/home/trungbao/cyberrunner_ws/install/cyberrunner_state_estimation/bin'
[2.024s] Level 1:colcon.colcon_core.environment:create_environment_scripts_only(cyberrunner_state_estimation)
[2.024s] INFO:colcon.colcon_core.shell:Creating package script '/home/trungbao/cyberrunner_ws/install/cyberrunner_state_estimation/share/cyberrunner_state_estimation/package.ps1'
[2.024s] INFO:colcon.colcon_core.shell:Creating package descriptor '/home/trungbao/cyberrunner_ws/install/cyberrunner_state_estimation/share/cyberrunner_state_estimation/package.dsv'
[2.024s] INFO:colcon.colcon_core.shell:Creating package script '/home/trungbao/cyberrunner_ws/install/cyberrunner_state_estimation/share/cyberrunner_state_estimation/package.sh'
[2.025s] INFO:colcon.colcon_core.shell:Creating package script '/home/trungbao/cyberrunner_ws/install/cyberrunner_state_estimation/share/cyberrunner_state_estimation/package.bash'
[2.025s] INFO:colcon.colcon_core.shell:Creating package script '/home/trungbao/cyberrunner_ws/install/cyberrunner_state_estimation/share/cyberrunner_state_estimation/package.zsh'
[2.025s] Level 1:colcon.colcon_core.environment:create_file_with_runtime_dependencies(/home/trungbao/cyberrunner_ws/install/cyberrunner_state_estimation/share/colcon-core/packages/cyberrunner_state_estimation)
[2.029s] Level 1:colcon.colcon_core.environment:checking '/home/trungbao/cyberrunner_ws/install/cyberrunner_pid' for CMake module files
[2.029s] DEBUG:colcon.colcon_core.event_handler.log_command:Invoked command in '/home/trungbao/cyberrunner_ws/src/cyberrunner_pid' returned '0': PYTHONPATH=/home/trungbao/cyberrunner_ws/build/cyberrunner_pid/prefix_override:/usr/lib/python3/dist-packages/colcon_core/task/python/colcon_distutils_commands:/home/trungbao/cyberrunner_ws/install/cyberrunner_pid/lib/python3.10/site-packages:${PYTHONPATH} /usr/bin/python3 -W ignore:setup.py install is deprecated -W ignore:easy_install command is deprecated setup.py egg_info --egg-base ../../build/cyberrunner_pid build --build-base /home/trungbao/cyberrunner_ws/build/cyberrunner_pid/build install --record /home/trungbao/cyberrunner_ws/build/cyberrunner_pid/install.log --single-version-externally-managed install_data
[2.029s] Level 1:colcon.colcon_core.environment:checking '/home/trungbao/cyberrunner_ws/install/cyberrunner_pid' for CMake config files
[2.029s] Level 1:colcon.colcon_core.environment:checking '/home/trungbao/cyberrunner_ws/install/cyberrunner_pid/lib'
[2.029s] Level 1:colcon.colcon_core.environment:checking '/home/trungbao/cyberrunner_ws/install/cyberrunner_pid/bin'
[2.029s] Level 1:colcon.colcon_core.environment:checking '/home/trungbao/cyberrunner_ws/install/cyberrunner_pid/lib/pkgconfig/cyberrunner_pid.pc'
[2.030s] Level 1:colcon.colcon_core.environment:checking '/home/trungbao/cyberrunner_ws/install/cyberrunner_pid/lib/python3.10/site-packages'
[2.030s] Level 1:colcon.colcon_core.shell:create_environment_hook('cyberrunner_pid', 'pythonpath')
[2.030s] INFO:colcon.colcon_core.shell:Creating environment hook '/home/trungbao/cyberrunner_ws/install/cyberrunner_pid/share/cyberrunner_pid/hook/pythonpath.ps1'
[2.030s] INFO:colcon.colcon_core.shell:Creating environment descriptor '/home/trungbao/cyberrunner_ws/install/cyberrunner_pid/share/cyberrunner_pid/hook/pythonpath.dsv'
[2.030s] INFO:colcon.colcon_core.shell:Creating environment hook '/home/trungbao/cyberrunner_ws/install/cyberrunner_pid/share/cyberrunner_pid/hook/pythonpath.sh'
[2.030s] Level 1:colcon.colcon_core.environment:checking '/home/trungbao/cyberrunner_ws/install/cyberrunner_pid/bin'
[2.031s] Level 1:colcon.colcon_core.environment:create_environment_scripts_only(cyberrunner_pid)
[2.031s] INFO:colcon.colcon_core.shell:Creating package script '/home/trungbao/cyberrunner_ws/install/cyberrunner_pid/share/cyberrunner_pid/package.ps1'
[2.031s] INFO:colcon.colcon_core.shell:Creating package descriptor '/home/trungbao/cyberrunner_ws/install/cyberrunner_pid/share/cyberrunner_pid/package.dsv'
[2.031s] INFO:colcon.colcon_core.shell:Creating package script '/home/trungbao/cyberrunner_ws/install/cyberrunner_pid/share/cyberrunner_pid/package.sh'
[2.031s] INFO:colcon.colcon_core.shell:Creating package script '/home/trungbao/cyberrunner_ws/install/cyberrunner_pid/share/cyberrunner_pid/package.bash'
[2.031s] INFO:colcon.colcon_core.shell:Creating package script '/home/trungbao/cyberrunner_ws/install/cyberrunner_pid/share/cyberrunner_pid/package.zsh'
[2.032s] Level 1:colcon.colcon_core.environment:create_file_with_runtime_dependencies(/home/trungbao/cyberrunner_ws/install/cyberrunner_pid/share/colcon-core/packages/cyberrunner_pid)
[2.050s] Level 1:colcon.colcon_core.environment:checking '/home/trungbao/cyberrunner_ws/install/cyberrunner_dreamer' for CMake module files
[2.050s] DEBUG:colcon.colcon_core.event_handler.log_command:Invoked command in '/home/trungbao/cyberrunner_ws/src/cyberrunner/cyberrunner_dreamer' returned '0': PYTHONPATH=/home/trungbao/cyberrunner_ws/build/cyberrunner_dreamer/prefix_override:/usr/lib/python3/dist-packages/colcon_core/task/python/colcon_distutils_commands:/home/trungbao/cyberrunner_ws/install/cyberrunner_dreamer/lib/python3.10/site-packages:${PYTHONPATH} /usr/bin/python3 -W ignore:setup.py install is deprecated -W ignore:easy_install command is deprecated setup.py egg_info --egg-base ../../../build/cyberrunner_dreamer build --build-base /home/trungbao/cyberrunner_ws/build/cyberrunner_dreamer/build install --record /home/trungbao/cyberrunner_ws/build/cyberrunner_dreamer/install.log --single-version-externally-managed install_data
[2.051s] Level 1:colcon.colcon_core.environment:checking '/home/trungbao/cyberrunner_ws/install/cyberrunner_dreamer' for CMake config files
[2.051s] Level 1:colcon.colcon_core.environment:checking '/home/trungbao/cyberrunner_ws/install/cyberrunner_dreamer/lib'
[2.051s] Level 1:colcon.colcon_core.environment:checking '/home/trungbao/cyberrunner_ws/install/cyberrunner_dreamer/bin'
[2.051s] Level 1:colcon.colcon_core.environment:checking '/home/trungbao/cyberrunner_ws/install/cyberrunner_dreamer/lib/pkgconfig/cyberrunner_dreamer.pc'
[2.051s] Level 1:colcon.colcon_core.environment:checking '/home/trungbao/cyberrunner_ws/install/cyberrunner_dreamer/lib/python3.10/site-packages'
[2.051s] Level 1:colcon.colcon_core.shell:create_environment_hook('cyberrunner_dreamer', 'pythonpath')
[2.051s] INFO:colcon.colcon_core.shell:Creating environment hook '/home/trungbao/cyberrunner_ws/install/cyberrunner_dreamer/share/cyberrunner_dreamer/hook/pythonpath.ps1'
[2.051s] INFO:colcon.colcon_core.shell:Creating environment descriptor '/home/trungbao/cyberrunner_ws/install/cyberrunner_dreamer/share/cyberrunner_dreamer/hook/pythonpath.dsv'
[2.052s] INFO:colcon.colcon_core.shell:Creating environment hook '/home/trungbao/cyberrunner_ws/install/cyberrunner_dreamer/share/cyberrunner_dreamer/hook/pythonpath.sh'
[2.052s] Level 1:colcon.colcon_core.environment:checking '/home/trungbao/cyberrunner_ws/install/cyberrunner_dreamer/bin'
[2.052s] Level 1:colcon.colcon_core.environment:create_environment_scripts_only(cyberrunner_dreamer)
[2.052s] INFO:colcon.colcon_core.shell:Creating package script '/home/trungbao/cyberrunner_ws/install/cyberrunner_dreamer/share/cyberrunner_dreamer/package.ps1'
[2.052s] INFO:colcon.colcon_core.shell:Creating package descriptor '/home/trungbao/cyberrunner_ws/install/cyberrunner_dreamer/share/cyberrunner_dreamer/package.dsv'
[2.053s] INFO:colcon.colcon_core.shell:Creating package script '/home/trungbao/cyberrunner_ws/install/cyberrunner_dreamer/share/cyberrunner_dreamer/package.sh'
[2.053s] INFO:colcon.colcon_core.shell:Creating package script '/home/trungbao/cyberrunner_ws/install/cyberrunner_dreamer/share/cyberrunner_dreamer/package.bash'
[2.053s] INFO:colcon.colcon_core.shell:Creating package script '/home/trungbao/cyberrunner_ws/install/cyberrunner_dreamer/share/cyberrunner_dreamer/package.zsh'
[2.053s] Level 1:colcon.colcon_core.environment:create_file_with_runtime_dependencies(/home/trungbao/cyberrunner_ws/install/cyberrunner_dreamer/share/colcon-core/packages/cyberrunner_dreamer)
[2.053s] DEBUG:colcon.colcon_parallel_executor.executor.parallel:closing loop
[2.053s] DEBUG:colcon.colcon_parallel_executor.executor.parallel:loop closed
[2.053s] DEBUG:colcon.colcon_parallel_executor.executor.parallel:run_until_complete finished with '0'
[2.053s] DEBUG:colcon.colcon_core.event_reactor:joining thread
[2.056s] INFO:colcon.colcon_core.plugin_system:Skipping extension 'colcon_notification.desktop_notification.terminal_notifier': Not used on non-Darwin systems
[2.056s] INFO:colcon.colcon_core.plugin_system:Skipping extension 'colcon_notification.desktop_notification.win32': Not used on non-Windows systems
[2.056s] INFO:colcon.colcon_notification.desktop_notification:Sending desktop notification using 'notify2'
[2.064s] DEBUG:colcon.colcon_core.event_reactor:joined thread
[2.065s] INFO:colcon.colcon_core.shell:Creating prefix script '/home/trungbao/cyberrunner_ws/install/local_setup.ps1'
[2.065s] INFO:colcon.colcon_core.shell:Creating prefix util module '/home/trungbao/cyberrunner_ws/install/_local_setup_util_ps1.py'
[2.066s] INFO:colcon.colcon_core.shell:Creating prefix chain script '/home/trungbao/cyberrunner_ws/install/setup.ps1'
[2.066s] INFO:colcon.colcon_core.shell:Creating prefix script '/home/trungbao/cyberrunner_ws/install/local_setup.sh'
[2.067s] INFO:colcon.colcon_core.shell:Creating prefix util module '/home/trungbao/cyberrunner_ws/install/_local_setup_util_sh.py'
[2.067s] INFO:colcon.colcon_core.shell:Creating prefix chain script '/home/trungbao/cyberrunner_ws/install/setup.sh'
[2.068s] INFO:colcon.colcon_core.shell:Creating prefix script '/home/trungbao/cyberrunner_ws/install/local_setup.bash'
[2.068s] INFO:colcon.colcon_core.shell:Creating prefix chain script '/home/trungbao/cyberrunner_ws/install/setup.bash'
[2.069s] INFO:colcon.colcon_core.shell:Creating prefix script '/home/trungbao/cyberrunner_ws/install/local_setup.zsh'
[2.069s] INFO:colcon.colcon_core.shell:Creating prefix chain script '/home/trungbao/cyberrunner_ws/install/setup.zsh'
